Participant,Trial,State,Deviant,Concurrent_Articulation,I1,I2,I3,I4,I5,I6,I7,I8,O1,O2,O3,O4,O5,O6,O7,O8
1,1,SS,No_Deviant,No_Concurrent_Articulation,3,6,8,1,7,5,2,4,3,6,8,1,7,5,2,4
1,2,SS,No_Deviant,No_Concurrent_Articulation,0,0,0,0,0,0,6,5,8,4,7,1,6,3,5,2
1,3,SS,No_Deviant,No_Concurrent_Articulation,2,5,8,1,7,3,0,0,2,5,8,1,7,3,6,4
1,4,SS,No_Deviant,No_Concurrent_Articulation,0,6,1,8,2,5,0,0,3,6,1,8,2,5,7,4
1,5,SS,No_Deviant,No_Concurrent_Articulation,6,4,2,8,5,1,0,3,6,4,7,2,8,5,1,3
1,6,SS,No_Deviant,No_Concurrent_Articulation,6,2,8,3,7,4,1,5,6,2,8,3,7,4,1,5
1,1,SS,With_Deviant,No_Concurrent_Articulation,2,7,5,3,8,1,6,4,2,7,5,3,8,1,4,6
1,2,SS,With_Deviant,No_Concurrent_Articulation,2,7,5,3,8,6,1,4,2,7,5,3,8,6,1,4
1,3,SS,With_Deviant,No_Concurrent_Articulation,5,1,4,8,2,6,0,0,5,1,4,8,2,6,3,7
1,4,SS,With_Deviant,No_Concurrent_Articulation,0,5,7,3,1,8,4,0,6,2,5,7,3,1,4,8
1,5,SS,With_Deviant,No_Concurrent_Articulation,8,5,2,6,4,7,0,0,8,5,2,6,4,7,3,1
1,6,SS,With_Deviant,No_Concurrent_Articulation,5,7,4,2,6,8,3,1,5,7,4,2,6,8,3,1
1,1,SS,No_Deviant,With_Concurrent_Articulation,6,1,3,0,0,0,5,7,6,1,3,8,4,2,5,7
1,2,SS,No_Deviant,With_Concurrent_Articulation,7,0,0,0,4,8,1,5,7,3,6,2,4,8,1,5
1,3,SS,No_Deviant,With_Concurrent_Articulation,0,0,0,6,2,5,8,3,7,4,8,6,2,5,1,3
1,4,SS,No_Deviant,With_Concurrent_Articulation,0,0,0,0,0,4,8,5,2,6,1,3,7,4,8,5
1,5,SS,No_Deviant,With_Concurrent_Articulation,0,0,0,0,1,8,5,2,3,7,4,6,1,8,5,2
1,6,SS,No_Deviant,With_Concurrent_Articulation,0,0,0,2,5,7,3,1,6,8,4,2,5,7,3,1
1,1,SS,With_Deviant,With_Concurrent_Articulation,6,3,8,0,0,0,4,1,3,6,8,4,2,5,7,1
1,2,SS,With_Deviant,With_Concurrent_Articulation,0,0,0,0,0,5,7,1,3,6,8,4,2,5,7,1
1,3,SS,With_Deviant,With_Concurrent_Articulation,0,0,0,8,4,5,7,2,3,1,6,8,4,2,5,7
1,4,SS,With_Deviant,With_Concurrent_Articulation,0,0,0,0,0,0,7,8,3,5,7,4,8,2,6,1
1,5,SS,With_Deviant,With_Concurrent_Articulation,0,0,0,0,3,5,7,1,4,6,2,8,3,5,7,1
1,6,SS,With_Deviant,With_Concurrent_Articulation,0,0,0,0,2,4,1,7,3,5,8,6,1,4,2,7
2,1,SS,No_Deviant,No_Concurrent_Articulation,3,6,8,7,2,0,0,7,3,6,8,1,7,5,2,4
2,2,SS,No_Deviant,No_Concurrent_Articulation,8,7,6,0,0,0,0,2,8,4,7,1,6,3,5,2
2,3,SS,No_Deviant,No_Concurrent_Articulation,2,5,7,0,0,0,0,8,2,5,8,1,7,3,6,4
2,4,SS,No_Deviant,No_Concurrent_Articulation,6,2,5,8,1,7,0,5,3,6,1,8,2,5,7,4
2,5,SS,No_Deviant,No_Concurrent_Articulation,6,4,0,7,5,0,0,0,6,4,7,2,8,5,1,3
2,6,SS,No_Deviant,No_Concurrent_Articulation,6,2,8,1,7,4,0,2,6,2,8,3,7,4,1,5
2,1,SS,With_Deviant,No_Concurrent_Articulation,2,7,5,3,0,0,0,6,2,7,5,3,8,1,4,6
2,2,SS,With_Deviant,No_Concurrent_Articulation,4,1,6,2,0,0,0,7,4,1,6,8,3,5,2,7
2,3,SS,With_Deviant,No_Concurrent_Articulation,5,8,0,0,2,0,0,7,5,1,4,8,2,6,3,7
2,4,SS,With_Deviant,No_Concurrent_Articulation,6,2,5,7,3,0,0,0,6,2,5,7,3,1,4,8
2,5,SS,With_Deviant,No_Concurrent_Articulation,8,5,2,6,3,0,4,1,8,5,2,6,4,7,3,1
2,6,SS,With_Deviant,No_Concurrent_Articulation,5,7,0,0,6,0,0,1,5,7,4,2,6,8,3,1
2,1,SS,No_Deviant,With_Concurrent_Articulation,0,0,0,0,0,0,2,7,6,1,3,8,4,2,5,7
2,2,SS,No_Deviant,With_Concurrent_Articulation,7,0,0,0,0,0,0,3,7,3,6,2,4,8,1,5
2,3,SS,No_Deviant,With_Concurrent_Articulation,0,0,8,6,0,0,1,3,7,4,8,6,2,5,1,3
2,4,SS,No_Deviant,With_Concurrent_Articulation,2,1,0,0,0,0,8,5,2,6,1,3,7,4,8,5
2,5,SS,No_Deviant,With_Concurrent_Articulation,0,7,1,0,0,0,0,4,3,7,4,6,1,8,5,2
2,6,SS,No_Deviant,With_Concurrent_Articulation,0,0,0,0,4,0,3,1,6,8,4,2,5,7,3,1
2,1,SS,With_Deviant,With_Concurrent_Articulation,0,0,0,0,0,0,0,1,3,6,8,4,2,5,7,1
2,2,SS,With_Deviant,With_Concurrent_Articulation,6,8,0,0,0,0,0,1,3,6,8,4,2,5,7,1
2,3,SS,With_Deviant,With_Concurrent_Articulation,0,0,0,0,0,0,2,7,3,1,6,8,4,2,5,7
2,4,SS,With_Deviant,With_Concurrent_Articulation,0,0,0,0,0,5,0,1,3,5,7,4,8,2,6,1
2,5,SS,With_Deviant,With_Concurrent_Articulation,4,6,0,0,0,0,0,1,4,6,2,8,3,5,7,1
2,6,SS,With_Deviant,With_Concurrent_Articulation,0,0,0,0,0,3,2,7,3,5,8,6,1,4,2,7
3,1,SS,No_Deviant,No_Concurrent_Articulation,3,6,8,5,7,1,2,4,3,6,8,1,7,5,2,4
3,2,SS,No_Deviant,No_Concurrent_Articulation,8,4,7,1,6,3,2,5,8,4,7,1,6,3,5,2
3,3,SS,No_Deviant,No_Concurrent_Articulation,2,5,8,1,7,3,6,4,2,5,8,1,7,3,6,4
3,4,SS,No_Deviant,No_Concurrent_Articulation,3,6,1,8,2,5,4,7,3,6,1,8,2,5,7,4
3,5,SS,No_Deviant,No_Concurrent_Articulation,6,4,7,2,8,5,3,1,6,4,7,2,8,5,1,3
3,6,SS,No_Deviant,No_Concurrent_Articulation,6,2,7,3,8,4,1,5,6,2,8,3,7,4,1,5
3,1,SS,With_Deviant,No_Concurrent_Articulation,2,7,5,3,8,1,4,6,2,7,5,3,8,1,4,6
3,2,SS,With_Deviant,No_Concurrent_Articulation,0,0,0,0,0,0,0,0,4,1,6,8,3,5,2,7
3,3,SS,With_Deviant,No_Concurrent_Articulation,5,1,4,8,2,6,3,7,5,1,4,8,2,6,3,7
3,4,SS,With_Deviant,No_Concurrent_Articulation,6,2,4,7,6,1,0,8,6,2,5,7,3,1,4,8
3,5,SS,With_Deviant,No_Concurrent_Articulation,8,5,2,6,4,7,3,1,8,5,2,6,4,7,3,1
3,6,SS,With_Deviant,No_Concurrent_Articulation,5,7,4,2,6,3,1,8,5,7,4,2,6,8,3,1
3,1,SS,No_Deviant,With_Concurrent_Articulation,6,1,3,8,4,2,5,7,6,1,3,8,4,2,5,7
3,2,SS,No_Deviant,With_Concurrent_Articulation,7,2,6,3,8,4,1,5,7,3,6,2,4,8,1,5
3,3,SS,No_Deviant,With_Concurrent_Articulation,7,4,8,6,2,5,1,3,7,4,8,6,2,5,1,3
3,4,SS,No_Deviant,With_Concurrent_Articulation,2,6,1,3,7,0,0,0,2,6,1,3,7,4,8,5
3,5,SS,No_Deviant,With_Concurrent_Articulation,3,7,4,0,1,0,0,0,3,7,4,6,1,8,5,2
3,6,SS,No_Deviant,With_Concurrent_Articulation,5,8,4,2,0,0,0,0,6,8,4,2,5,7,3,1
3,1,SS,With_Deviant,With_Concurrent_Articulation,3,6,8,4,2,5,1,7,3,6,8,4,2,5,7,1
3,2,SS,With_Deviant,With_Concurrent_Articulation,3,6,8,4,2,5,7,1,3,6,8,4,2,5,7,1
3,3,SS,With_Deviant,With_Concurrent_Articulation,3,1,6,8,0,0,0,0,3,1,6,8,4,2,5,7
3,4,SS,With_Deviant,With_Concurrent_Articulation,3,5,7,4,2,8,1,6,3,5,7,4,8,2,6,1
3,5,SS,With_Deviant,With_Concurrent_Articulation,4,6,2,5,0,0,0,7,4,6,2,8,3,5,7,1
3,6,SS,With_Deviant,With_Concurrent_Articulation,3,5,8,6,1,4,7,2,3,5,8,6,1,4,2,7
4,1,SS,No_Deviant,No_Concurrent_Articulation,6,2,5,1,4,0,7,8,6,2,5,1,4,7,3,8
4,2,SS,No_Deviant,No_Concurrent_Articulation,7,1,5,3,8,6,0,0,7,1,5,3,6,4,2,8
4,3,SS,No_Deviant,No_Concurrent_Articulation,4,7,1,6,2,0,0,0,4,7,1,6,2,5,8,3
4,4,SS,No_Deviant,No_Concurrent_Articulation,4,7,5,2,6,8,1,3,4,7,5,2,6,8,1,3
4,5,SS,No_Deviant,No_Concurrent_Articulation,3,8,4,1,6,2,5,7,3,8,4,1,6,2,5,7
4,6,SS,No_Deviant,No_Concurrent_Articulation,2,5,7,3,6,0,8,1,2,5,7,3,6,4,8,1
4,1,SS,With_Deviant,No_Concurrent_Articulation,5,8,4,0,0,0,0,3,5,8,4,2,6,1,7,3
4,2,SS,With_Deviant,No_Concurrent_Articulation,3,5,7,4,0,0,0,8,3,5,7,4,8,2,6,1
4,3,SS,With_Deviant,No_Concurrent_Articulation,6,4,5,8,1,0,0,2,6,4,8,5,1,3,7,2
4,4,SS,With_Deviant,No_Concurrent_Articulation,6,3,5,8,1,0,0,0,6,3,8,1,4,2,7,5
4,5,SS,With_Deviant,No_Concurrent_Articulation,8,1,6,3,0,0,0,5,8,1,3,6,2,4,7,5
4,6,SS,With_Deviant,No_Concurrent_Articulation,4,8,2,5,3,0,0,0,4,2,8,5,3,7,1,6
4,1,SS,No_Deviant,With_Concurrent_Articulation,0,0,0,0,0,4,8,1,3,6,2,7,5,8,4,1
4,2,SS,No_Deviant,With_Concurrent_Articulation,0,0,0,0,0,0,0,3,7,2,4,8,5,1,6,3
4,3,SS,No_Deviant,With_Concurrent_Articulation,0,0,0,0,0,0,0,2,4,1,7,3,6,8,5,2
4,4,SS,No_Deviant,With_Concurrent_Articulation,3,6,8,5,0,0,0,0,3,6,8,5,1,7,2,4
4,5,SS,No_Deviant,With_Concurrent_Articulation,0,0,0,0,0,0,0,6,8,5,2,4,7,3,1,6
4,6,SS,No_Deviant,With_Concurrent_Articulation,5,0,0,0,0,4,8,7,5,3,1,6,8,4,2,7
4,1,SS,With_Deviant,With_Concurrent_Articulation,0,0,0,0,0,7,0,8,2,5,7,4,6,1,3,8
4,2,SS,With_Deviant,With_Concurrent_Articulation,0,0,0,0,0,5,7,8,2,6,3,1,4,7,5,8
4,3,SS,With_Deviant,With_Concurrent_Articulation,3,5,2,7,0,0,0,0,3,5,2,7,4,6,8,1
4,4,SS,With_Deviant,With_Concurrent_Articulation,0,0,0,0,0,0,0,1,2,8,5,7,4,6,3,1
4,5,SS,With_Deviant,With_Concurrent_Articulation,0,0,0,0,0,5,0,4,6,1,8,3,5,2,7,4
4,6,SS,With_Deviant,With_Concurrent_Articulation,0,0,0,0,0,0,8,3,6,1,7,4,2,8,5,3
5,1,SS,No_Deviant,No_Concurrent_Articulation,6,2,5,7,3,8,4,1,6,2,5,1,4,7,3,8
5,2,SS,No_Deviant,No_Concurrent_Articulation,7,1,5,3,6,4,8,2,7,1,5,3,6,4,2,8
5,3,SS,No_Deviant,No_Concurrent_Articulation,4,7,1,6,2,5,8,3,4,7,1,6,2,5,8,3
5,4,SS,No_Deviant,No_Concurrent_Articulation,4,7,5,2,6,8,3,1,4,7,5,2,6,8,1,3
5,5,SS,No_Deviant,No_Concurrent_Articulation,3,8,4,1,6,2,5,7,3,8,4,1,6,2,5,7
5,6,SS,No_Deviant,No_Concurrent_Articulation,2,5,7,3,6,4,8,1,2,5,7,3,6,4,8,1
5,1,SS,With_Deviant,No_Concurrent_Articulation,5,8,4,2,6,3,1,7,5,8,4,2,6,1,7,3
5,2,SS,With_Deviant,No_Concurrent_Articulation,7,5,3,4,1,6,2,8,3,5,7,4,8,2,6,1
5,3,SS,With_Deviant,No_Concurrent_Articulation,6,4,8,5,7,3,1,2,6,4,8,5,1,3,7,2
5,4,SS,With_Deviant,No_Concurrent_Articulation,6,3,8,1,4,7,2,5,6,3,8,1,4,2,7,5
5,5,SS,With_Deviant,No_Concurrent_Articulation,8,3,1,6,2,4,7,5,8,1,3,6,2,4,7,5
5,6,SS,With_Deviant,No_Concurrent_Articulation,4,8,2,5,6,7,3,1,4,2,8,5,3,7,1,6
5,1,SS,No_Deviant,With_Concurrent_Articulation,5,7,3,2,1,0,0,8,3,6,2,7,5,8,4,1
5,2,SS,No_Deviant,With_Concurrent_Articulation,7,1,4,2,0,0,3,8,7,2,4,8,5,1,6,3
5,3,SS,No_Deviant,With_Concurrent_Articulation,4,1,7,3,5,6,0,8,4,1,7,3,6,8,5,2
5,4,SS,No_Deviant,With_Concurrent_Articulation,3,6,8,1,5,2,0,0,3,6,8,5,1,7,2,4
5,5,SS,No_Deviant,With_Concurrent_Articulation,8,5,2,4,1,3,6,0,8,5,2,4,7,3,1,6
5,6,SS,No_Deviant,With_Concurrent_Articulation,5,3,1,7,4,2,0,0,5,3,1,6,8,4,2,7
5,1,SS,With_Deviant,With_Concurrent_Articulation,2,5,7,4,6,1,3,8,2,5,7,4,6,1,3,8
5,2,SS,With_Deviant,With_Concurrent_Articulation,2,7,3,1,4,8,5,0,2,6,3,1,4,7,5,8
5,3,SS,With_Deviant,With_Concurrent_Articulation,5,7,2,3,8,0,0,0,3,5,2,7,4,6,8,1
5,4,SS,With_Deviant,With_Concurrent_Articulation,2,5,8,7,3,1,0,0,2,8,5,7,4,6,3,1
5,5,SS,With_Deviant,With_Concurrent_Articulation,6,1,3,8,2,0,0,4,6,1,8,3,5,2,7,4
5,6,SS,With_Deviant,With_Concurrent_Articulation,6,1,4,8,3,2,5,0,6,1,7,4,2,8,5,3
6,1,SS,No_Deviant,No_Concurrent_Articulation,6,2,5,4,1,7,0,8,6,2,5,1,4,7,3,8
6,2,SS,No_Deviant,No_Concurrent_Articulation,7,1,5,3,6,4,0,8,7,1,5,3,6,4,2,8
6,3,SS,No_Deviant,No_Concurrent_Articulation,4,6,1,0,0,0,3,8,4,7,1,6,2,5,8,3
6,4,SS,No_Deviant,No_Concurrent_Articulation,4,7,5,0,8,0,0,3,4,7,5,2,6,8,1,3
6,5,SS,No_Deviant,No_Concurrent_Articulation,3,8,4,1,6,2,7,4,3,8,4,1,6,2,5,7
6,6,SS,No_Deviant,No_Concurrent_Articulation,2,5,7,3,6,4,1,8,2,5,7,3,6,4,8,1
6,1,SS,With_Deviant,No_Concurrent_Articulation,5,6,4,2,8,1,0,0,5,8,4,2,6,1,7,3
6,2,SS,With_Deviant,No_Concurrent_Articulation,3,5,8,2,0,0,1,0,3,5,7,4,8,2,6,1
6,3,SS,With_Deviant,No_Concurrent_Articulation,6,4,8,3,1,7,0,3,6,4,8,5,1,3,7,2
6,4,SS,With_Deviant,No_Concurrent_Articulation,6,3,8,1,4,2,7,0,6,3,8,1,4,2,7,5
6,5,SS,With_Deviant,No_Concurrent_Articulation,8,3,1,2,6,4,0,0,8,1,3,6,2,4,7,5
6,6,SS,With_Deviant,No_Concurrent_Articulation,4,2,8,5,3,0,0,0,4,2,8,5,3,7,1,6
6,1,SS,No_Deviant,With_Concurrent_Articulation,5,3,2,7,1,5,0,0,3,6,2,7,5,8,4,1
6,2,SS,No_Deviant,With_Concurrent_Articulation,0,0,0,0,0,6,1,3,7,2,4,8,5,1,6,3
6,3,SS,No_Deviant,With_Concurrent_Articulation,0,0,0,0,3,1,8,2,4,1,7,3,6,8,5,2
6,4,SS,No_Deviant,With_Concurrent_Articulation,0,0,0,0,0,1,2,4,3,6,8,5,1,7,2,4
6,5,SS,No_Deviant,With_Concurrent_Articulation,0,0,0,0,8,4,1,6,8,5,2,4,7,3,1,6
6,6,SS,No_Deviant,With_Concurrent_Articulation,0,0,0,0,3,5,1,7,5,3,1,6,8,4,2,7
6,1,SS,With_Deviant,With_Concurrent_Articulation,2,5,1,7,0,0,0,3,2,5,7,4,6,1,3,8
6,2,SS,With_Deviant,With_Concurrent_Articulation,2,6,1,3,0,0,0,8,2,6,3,1,4,7,5,8
6,3,SS,With_Deviant,With_Concurrent_Articulation,0,0,0,7,4,6,1,2,3,5,2,7,4,6,8,1
6,4,SS,With_Deviant,With_Concurrent_Articulation,0,0,0,0,0,0,8,1,2,8,5,7,4,6,3,1
6,5,SS,With_Deviant,With_Concurrent_Articulation,6,1,3,0,0,0,0,0,6,1,8,3,5,2,7,4
6,6,SS,With_Deviant,With_Concurrent_Articulation,6,5,1,0,0,0,0,3,6,1,7,4,2,8,5,3
7,1,SS,No_Deviant,No_Concurrent_Articulation,3,6,8,1,7,5,4,1,3,6,8,1,7,5,2,4
7,2,SS,No_Deviant,No_Concurrent_Articulation,8,4,2,1,6,3,8,2,8,4,7,1,6,3,5,2
7,3,SS,No_Deviant,No_Concurrent_Articulation,2,5,8,1,7,3,6,2,2,5,8,1,7,3,6,4
7,4,SS,No_Deviant,No_Concurrent_Articulation,3,6,1,8,2,5,7,4,3,6,1,8,2,5,7,4
7,5,SS,No_Deviant,No_Concurrent_Articulation,6,5,7,4,0,0,8,2,6,4,7,2,8,5,1,3
7,6,SS,No_Deviant,No_Concurrent_Articulation,6,2,8,3,7,4,1,5,6,2,8,3,7,4,1,5
7,1,SS,With_Deviant,No_Concurrent_Articulation,2,7,5,3,8,1,0,6,2,7,5,3,8,1,4,6
7,2,SS,With_Deviant,No_Concurrent_Articulation,4,1,6,8,5,0,0,2,4,1,6,8,3,5,2,7
7,3,SS,With_Deviant,No_Concurrent_Articulation,5,8,4,6,0,0,2,7,5,1,4,8,2,6,3,7
7,4,SS,With_Deviant,No_Concurrent_Articulation,6,2,5,7,0,4,0,0,6,2,5,7,3,1,4,8
7,5,SS,With_Deviant,No_Concurrent_Articulation,8,5,2,6,0,0,0,0,8,5,2,6,4,7,3,1
7,6,SS,With_Deviant,No_Concurrent_Articulation,5,7,4,2,6,8,0,1,5,7,4,2,6,8,3,1
7,1,SS,No_Deviant,With_Concurrent_Articulation,6,1,3,0,0,8,0,0,6,1,3,8,4,2,5,7
7,2,SS,No_Deviant,With_Concurrent_Articulation,7,3,2,6,0,0,0,0,7,3,6,2,4,8,1,5
7,3,SS,No_Deviant,With_Concurrent_Articulation,7,4,8,0,0,0,0,0,7,4,8,6,2,5,1,3
7,4,SS,No_Deviant,With_Concurrent_Articulation,2,6,5,1,7,8,0,0,2,6,1,3,7,4,8,5
7,5,SS,No_Deviant,With_Concurrent_Articulation,7,3,0,0,2,0,0,0,3,7,4,6,1,8,5,2
7,6,SS,No_Deviant,With_Concurrent_Articulation,6,8,4,2,0,0,0,1,6,8,4,2,5,7,3,1
7,1,SS,With_Deviant,With_Concurrent_Articulation,3,6,8,1,0,0,0,5,3,6,8,4,2,5,7,1
7,2,SS,With_Deviant,With_Concurrent_Articulation,3,6,8,0,0,0,1,4,3,6,8,4,2,5,7,1
7,3,SS,With_Deviant,With_Concurrent_Articulation,3,1,6,8,0,0,0,7,3,1,6,8,4,2,5,7
7,4,SS,With_Deviant,With_Concurrent_Articulation,3,7,5,4,0,0,0,1,3,5,7,4,8,2,6,1
7,5,SS,With_Deviant,With_Concurrent_Articulation,4,6,2,8,3,7,5,1,4,6,2,8,3,5,7,1
7,6,SS,With_Deviant,With_Concurrent_Articulation,3,5,1,8,1,0,0,0,3,5,8,6,1,4,2,7
8,1,SS,No_Deviant,No_Concurrent_Articulation,3,6,8,1,2,0,0,0,3,6,8,1,7,5,2,4
8,2,SS,No_Deviant,No_Concurrent_Articulation,8,4,7,1,0,0,0,0,8,4,7,1,6,3,5,2
8,3,SS,No_Deviant,No_Concurrent_Articulation,2,5,7,8,1,0,0,0,2,5,8,1,7,3,6,4
8,4,SS,No_Deviant,No_Concurrent_Articulation,0,0,0,8,2,5,7,4,3,6,1,8,2,5,7,4
8,5,SS,No_Deviant,No_Concurrent_Articulation,6,2,8,7,0,5,1,3,6,4,7,2,8,5,1,3
8,6,SS,No_Deviant,No_Concurrent_Articulation,0,0,0,0,7,4,1,5,6,2,8,3,7,4,1,5
8,1,SS,With_Deviant,No_Concurrent_Articulation,0,0,0,0,8,1,4,6,2,7,5,3,8,1,4,6
8,2,SS,With_Deviant,No_Concurrent_Articulation,0,0,0,0,3,5,2,7,4,1,6,8,3,5,2,7
8,3,SS,With_Deviant,No_Concurrent_Articulation,0,0,0,0,5,8,6,7,5,1,4,8,2,6,3,7
8,4,SS,With_Deviant,No_Concurrent_Articulation,0,2,0,0,7,3,1,4,6,2,5,7,3,1,4,8
8,5,SS,With_Deviant,No_Concurrent_Articulation,0,0,0,6,4,7,3,1,8,5,2,6,4,7,3,1
8,6,SS,With_Deviant,No_Concurrent_Articulation,5,7,0,0,6,8,3,1,5,7,4,2,6,8,3,1
8,1,SS,No_Deviant,With_Concurrent_Articulation,6,3,1,0,0,0,5,7,6,1,3,8,4,2,5,7
8,2,SS,No_Deviant,With_Concurrent_Articulation,7,0,0,0,0,8,3,1,7,3,6,2,4,8,1,5
8,3,SS,No_Deviant,With_Concurrent_Articulation,7,4,3,0,0,0,8,1,7,4,8,6,2,5,1,3
8,4,SS,No_Deviant,With_Concurrent_Articulation,0,0,0,0,0,0,1,5,2,6,1,3,7,4,8,5
8,5,SS,No_Deviant,With_Concurrent_Articulation,0,7,4,0,0,0,0,6,3,7,4,6,1,8,5,2
8,6,SS,No_Deviant,With_Concurrent_Articulation,6,5,4,0,0,0,3,6,6,8,4,2,5,7,3,1
8,1,SS,With_Deviant,With_Concurrent_Articulation,6,3,0,0,0,0,7,1,3,6,8,4,2,5,7,1
8,2,SS,With_Deviant,With_Concurrent_Articulation,6,3,5,0,0,0,7,1,3,6,8,4,2,5,7,1
8,3,SS,With_Deviant,With_Concurrent_Articulation,8,3,7,0,0,0,0,1,3,1,6,8,4,2,5,7
8,4,SS,With_Deviant,With_Concurrent_Articulation,8,5,3,1,0,0,6,2,3,5,7,4,8,2,6,1
8,5,SS,With_Deviant,With_Concurrent_Articulation,4,6,3,8,2,0,0,1,4,6,2,8,3,5,7,1
8,6,SS,With_Deviant,With_Concurrent_Articulation,0,0,0,6,1,7,4,3,3,5,8,6,1,4,2,7
9,1,SS,No_Deviant,No_Concurrent_Articulation,3,6,8,1,7,6,2,4,3,6,8,1,7,5,2,4
9,2,SS,No_Deviant,No_Concurrent_Articulation,8,4,7,1,6,3,5,2,8,4,7,1,6,3,5,2
9,3,SS,No_Deviant,No_Concurrent_Articulation,5,8,1,7,2,3,6,4,2,5,8,1,7,3,6,4
9,4,SS,No_Deviant,No_Concurrent_Articulation,3,6,1,8,2,5,7,4,3,6,1,8,2,5,7,4
9,5,SS,No_Deviant,No_Concurrent_Articulation,6,4,7,2,8,5,1,3,6,4,7,2,8,5,1,3
9,6,SS,No_Deviant,No_Concurrent_Articulation,6,2,8,3,7,4,1,5,6,2,8,3,7,4,1,5
9,1,SS,With_Deviant,No_Concurrent_Articulation,2,6,5,3,7,1,8,4,2,7,5,3,8,1,4,6
9,2,SS,With_Deviant,No_Concurrent_Articulation,4,1,6,8,6,5,2,7,4,1,6,8,3,5,2,7
9,3,SS,With_Deviant,No_Concurrent_Articulation,5,4,6,8,2,3,1,7,5,1,4,8,2,6,3,7
9,4,SS,With_Deviant,No_Concurrent_Articulation,6,1,5,7,2,3,4,8,6,2,5,7,3,1,4,8
9,5,SS,With_Deviant,No_Concurrent_Articulation,8,5,2,6,4,7,3,1,8,5,2,6,4,7,3,1
9,6,SS,With_Deviant,No_Concurrent_Articulation,5,7,4,2,6,8,3,1,5,7,4,2,6,8,3,1
9,1,SS,No_Deviant,With_Concurrent_Articulation,6,1,8,2,4,5,0,0,6,1,3,8,4,2,5,7
9,2,SS,No_Deviant,With_Concurrent_Articulation,7,3,6,2,0,0,0,5,7,3,6,2,4,8,1,5
9,3,SS,No_Deviant,With_Concurrent_Articulation,7,4,3,6,0,0,0,0,7,4,8,6,2,5,1,3
9,4,SS,No_Deviant,With_Concurrent_Articulation,2,3,6,1,7,4,5,8,2,6,1,3,7,4,8,5
9,5,SS,No_Deviant,With_Concurrent_Articulation,3,6,7,1,4,0,0,0,3,7,4,6,1,8,5,2
9,6,SS,No_Deviant,With_Concurrent_Articulation,6,0,0,0,0,0,0,0,6,8,4,2,5,7,3,1
9,1,SS,With_Deviant,With_Concurrent_Articulation,3,6,5,1,4,2,0,0,3,6,8,4,2,5,7,1
9,2,SS,With_Deviant,With_Concurrent_Articulation,3,6,8,4,5,2,1,6,3,6,8,4,2,5,7,1
9,3,SS,With_Deviant,With_Concurrent_Articulation,3,1,8,6,7,2,4,5,3,1,6,8,4,2,5,7
9,4,SS,With_Deviant,With_Concurrent_Articulation,3,5,4,7,0,0,0,0,3,5,7,4,8,2,6,1
9,5,SS,With_Deviant,With_Concurrent_Articulation,4,6,2,8,3,5,7,1,4,6,2,8,3,5,7,1
9,6,SS,With_Deviant,With_Concurrent_Articulation,3,6,8,1,5,2,0,0,3,5,8,6,1,4,2,7
10,1,SS,No_Deviant,No_Concurrent_Articulation,3,6,8,7,5,4,0,2,3,6,8,1,7,5,2,4
10,2,SS,No_Deviant,No_Concurrent_Articulation,8,4,7,1,5,6,3,2,8,4,7,1,6,3,5,2
10,3,SS,No_Deviant,No_Concurrent_Articulation,2,5,8,1,7,3,6,4,2,5,8,1,7,3,6,4
10,4,SS,No_Deviant,No_Concurrent_Articulation,3,6,1,8,2,5,7,4,3,6,1,8,2,5,7,4
10,5,SS,No_Deviant,No_Concurrent_Articulation,6,4,7,2,8,5,1,3,6,4,7,2,8,5,1,3
10,6,SS,No_Deviant,No_Concurrent_Articulation,6,2,8,3,7,4,1,5,6,2,8,3,7,4,1,5
10,1,SS,With_Deviant,No_Concurrent_Articulation,2,7,5,3,8,1,4,6,2,7,5,3,8,1,4,6
10,2,SS,With_Deviant,No_Concurrent_Articulation,4,1,6,8,3,5,2,7,4,1,6,8,3,5,2,7
10,3,SS,With_Deviant,No_Concurrent_Articulation,5,8,4,1,2,3,6,7,5,1,4,8,2,6,3,7
10,4,SS,With_Deviant,No_Concurrent_Articulation,6,0,0,2,3,1,4,8,6,2,5,7,3,1,4,8
10,5,SS,With_Deviant,No_Concurrent_Articulation,8,5,2,7,4,6,1,3,8,5,2,6,4,7,3,1
10,6,SS,With_Deviant,No_Concurrent_Articulation,5,7,4,2,6,8,1,0,5,7,4,2,6,8,3,1
10,1,SS,No_Deviant,With_Concurrent_Articulation,0,0,0,5,1,4,3,7,6,2,5,1,4,7,3,8
10,2,SS,No_Deviant,With_Concurrent_Articulation,7,6,5,3,0,0,2,7,7,1,5,3,6,4,2,8
10,3,SS,No_Deviant,With_Concurrent_Articulation,4,7,1,6,0,0,3,2,4,7,1,6,2,5,8,3
10,4,SS,No_Deviant,With_Concurrent_Articulation,4,8,7,5,0,0,1,3,4,7,5,2,6,8,1,3
10,5,SS,No_Deviant,With_Concurrent_Articulation,8,3,6,7,4,0,7,5,3,8,4,1,6,2,5,7
10,6,SS,No_Deviant,With_Concurrent_Articulation,2,5,7,8,4,6,3,1,2,5,7,3,6,4,8,1
10,1,SS,With_Deviant,With_Concurrent_Articulation,5,0,4,6,0,1,7,3,5,8,4,2,6,1,7,3
10,2,SS,With_Deviant,With_Concurrent_Articulation,2,0,0,8,4,0,1,6,3,5,7,4,8,2,6,1
10,3,SS,With_Deviant,With_Concurrent_Articulation,0,0,0,5,1,3,7,2,6,4,8,5,1,3,7,2
10,4,SS,With_Deviant,With_Concurrent_Articulation,6,3,1,7,5,8,0,0,6,3,8,1,4,2,7,5
10,5,SS,With_Deviant,With_Concurrent_Articulation,0,0,0,2,1,7,4,5,8,1,3,6,2,4,7,5
10,6,SS,With_Deviant,With_Concurrent_Articulation,4,0,0,5,3,7,1,6,4,2,8,5,3,7,1,6
11,1,SS,No_Deviant,No_Concurrent_Articulation,6,2,5,1,4,7,5,8,6,2,5,1,4,7,3,8
11,2,SS,No_Deviant,No_Concurrent_Articulation,7,1,5,3,6,2,4,8,7,1,5,3,6,4,2,8
11,3,SS,No_Deviant,No_Concurrent_Articulation,4,7,1,6,2,8,1,3,4,7,1,6,2,5,8,3
11,4,SS,No_Deviant,No_Concurrent_Articulation,4,7,5,2,6,8,1,0,4,7,5,2,6,8,1,3
11,5,SS,No_Deviant,No_Concurrent_Articulation,3,8,4,1,6,2,5,7,3,8,4,1,6,2,5,7
11,6,SS,No_Deviant,No_Concurrent_Articulation,2,5,7,3,6,2,4,1,2,5,7,3,6,4,8,1
11,1,SS,With_Deviant,No_Concurrent_Articulation,5,2,4,1,7,6,2,3,5,8,4,2,6,1,7,3
11,2,SS,With_Deviant,No_Concurrent_Articulation,3,5,7,4,8,3,6,1,3,5,7,4,8,2,6,1
11,3,SS,With_Deviant,No_Concurrent_Articulation,4,0,0,0,1,3,7,2,6,4,8,5,1,3,7,2
11,4,SS,With_Deviant,No_Concurrent_Articulation,6,3,8,1,4,2,7,5,6,3,8,1,4,2,7,5
11,5,SS,With_Deviant,No_Concurrent_Articulation,8,3,1,6,2,1,7,5,8,1,3,6,2,4,7,5
11,6,SS,With_Deviant,No_Concurrent_Articulation,4,2,8,5,3,7,1,6,4,2,8,5,3,7,1,6
11,1,SS,No_Deviant,With_Concurrent_Articulation,3,6,8,0,0,0,0,0,3,6,8,1,7,5,2,4
11,2,SS,No_Deviant,With_Concurrent_Articulation,8,4,7,0,0,0,0,0,8,4,7,1,6,3,5,2
11,3,SS,No_Deviant,With_Concurrent_Articulation,2,5,0,0,0,0,0,0,2,5,8,1,7,3,6,4
11,4,SS,No_Deviant,With_Concurrent_Articulation,3,0,0,0,0,0,0,4,3,6,1,8,2,5,7,4
11,5,SS,No_Deviant,With_Concurrent_Articulation,0,4,7,2,0,0,0,0,6,4,7,2,8,5,1,3
11,6,SS,No_Deviant,With_Concurrent_Articulation,0,0,0,0,0,0,0,5,6,2,8,3,7,4,1,5
11,1,SS,With_Deviant,With_Concurrent_Articulation,2,7,0,0,0,0,4,6,2,7,5,3,8,1,4,6
11,2,SS,With_Deviant,With_Concurrent_Articulation,4,1,6,8,0,0,0,0,4,1,6,8,3,5,2,7
11,3,SS,With_Deviant,With_Concurrent_Articulation,4,6,0,0,0,0,0,0,5,1,4,8,2,6,3,7
11,4,SS,With_Deviant,With_Concurrent_Articulation,6,2,0,0,0,0,0,8,6,2,5,7,3,1,4,8
11,5,SS,With_Deviant,With_Concurrent_Articulation,8,5,0,0,0,0,0,1,8,5,2,6,4,7,3,1
11,6,SS,With_Deviant,With_Concurrent_Articulation,5,7,4,0,0,0,0,0,5,7,4,2,6,8,3,1
12,1,SS,No_Deviant,No_Concurrent_Articulation,6,2,5,1,4,7,3,8,6,2,5,1,4,7,3,8
12,2,SS,No_Deviant,No_Concurrent_Articulation,7,1,5,3,6,4,2,8,7,1,5,3,6,4,2,8
12,3,SS,No_Deviant,No_Concurrent_Articulation,4,7,1,6,2,5,8,3,4,7,1,6,2,5,8,3
12,4,SS,No_Deviant,No_Concurrent_Articulation,4,7,5,2,6,8,1,3,4,7,5,2,6,8,1,3
12,5,SS,No_Deviant,No_Concurrent_Articulation,3,8,4,1,6,2,5,7,3,8,4,1,6,2,5,7
12,6,SS,No_Deviant,No_Concurrent_Articulation,2,5,7,3,6,4,8,1,2,5,7,3,6,4,8,1
12,1,SS,With_Deviant,No_Concurrent_Articulation,5,8,4,2,6,1,7,3,5,8,4,2,6,1,7,3
12,2,SS,With_Deviant,No_Concurrent_Articulation,3,5,7,4,8,2,6,1,3,5,7,4,8,2,6,1
12,3,SS,With_Deviant,No_Concurrent_Articulation,6,4,8,5,1,3,7,2,6,4,8,5,1,3,7,2
12,4,SS,With_Deviant,No_Concurrent_Articulation,6,3,8,1,4,2,7,5,6,3,8,1,4,2,7,5
12,5,SS,With_Deviant,No_Concurrent_Articulation,8,1,3,6,2,4,7,5,8,1,3,6,2,4,7,5
12,6,SS,With_Deviant,No_Concurrent_Articulation,4,2,8,5,3,7,1,6,4,2,8,5,3,7,1,6
12,1,SS,No_Deviant,With_Concurrent_Articulation,3,6,8,1,7,5,2,4,3,6,8,1,7,5,2,4
12,2,SS,No_Deviant,With_Concurrent_Articulation,6,4,7,2,1,8,3,5,8,4,7,1,6,3,5,2
12,3,SS,No_Deviant,With_Concurrent_Articulation,2,5,8,1,7,6,3,4,2,5,8,1,7,3,6,4
12,4,SS,No_Deviant,With_Concurrent_Articulation,2,6,1,8,2,5,4,7,3,6,1,8,2,5,7,4
12,5,SS,No_Deviant,With_Concurrent_Articulation,6,4,7,2,1,8,5,3,6,4,7,2,8,5,1,3
12,6,SS,No_Deviant,With_Concurrent_Articulation,6,2,7,8,3,4,1,3,6,2,8,3,7,4,1,5
12,1,SS,With_Deviant,With_Concurrent_Articulation,2,7,5,3,8,1,6,4,2,7,5,3,8,1,4,6
12,2,SS,With_Deviant,With_Concurrent_Articulation,4,1,6,3,8,5,2,7,4,1,6,8,3,5,2,7
12,3,SS,With_Deviant,With_Concurrent_Articulation,5,1,4,2,8,6,3,7,5,1,4,8,2,6,3,7
12,4,SS,With_Deviant,With_Concurrent_Articulation,6,2,5,7,3,1,4,8,6,2,5,7,3,1,4,8
12,5,SS,With_Deviant,With_Concurrent_Articulation,8,5,2,6,4,1,7,3,8,5,2,6,4,7,3,1
12,6,SS,With_Deviant,With_Concurrent_Articulation,5,7,4,2,6,8,1,3,5,7,4,2,6,8,3,1
13,1,SS,No_Deviant,No_Concurrent_Articulation,6,5,2,1,3,7,8,4,6,2,5,1,4,7,3,8
13,2,SS,No_Deviant,No_Concurrent_Articulation,7,1,5,3,6,4,2,8,7,1,5,3,6,4,2,8
13,3,SS,No_Deviant,No_Concurrent_Articulation,4,7,1,6,2,5,8,3,4,7,1,6,2,5,8,3
13,4,SS,No_Deviant,No_Concurrent_Articulation,4,7,5,2,6,8,1,3,4,7,5,2,6,8,1,3
13,5,SS,No_Deviant,No_Concurrent_Articulation,3,8,4,1,6,2,5,7,3,8,4,1,6,2,5,7
13,6,SS,No_Deviant,No_Concurrent_Articulation,2,5,7,3,6,4,8,1,2,5,7,3,6,4,8,1
13,1,SS,With_Deviant,No_Concurrent_Articulation,5,8,4,2,6,1,7,3,5,8,4,2,6,1,7,3
13,2,SS,With_Deviant,No_Concurrent_Articulation,3,5,7,4,8,6,2,1,3,5,7,4,8,2,6,1
13,3,SS,With_Deviant,No_Concurrent_Articulation,6,4,8,5,1,3,7,2,6,4,8,5,1,3,7,2
13,4,SS,With_Deviant,No_Concurrent_Articulation,6,3,8,1,4,2,7,5,6,3,8,1,4,2,7,5
13,5,SS,With_Deviant,No_Concurrent_Articulation,8,1,3,6,2,4,7,5,8,1,3,6,2,4,7,5
13,6,SS,With_Deviant,No_Concurrent_Articulation,4,2,8,5,3,7,1,6,4,2,8,5,3,7,1,6
13,1,SS,No_Deviant,With_Concurrent_Articulation,8,3,6,8,0,0,4,1,3,6,8,1,7,5,2,4
13,2,SS,No_Deviant,With_Concurrent_Articulation,8,4,0,0,0,3,5,2,8,4,7,1,6,3,5,2
13,3,SS,No_Deviant,With_Concurrent_Articulation,2,5,8,1,0,0,0,0,2,5,8,1,7,3,6,4
13,4,SS,No_Deviant,With_Concurrent_Articulation,3,6,1,0,0,0,7,4,3,6,1,8,2,5,7,4
13,5,SS,No_Deviant,With_Concurrent_Articulation,6,4,7,0,0,5,1,3,6,4,7,2,8,5,1,3
13,6,SS,No_Deviant,With_Concurrent_Articulation,6,2,8,0,0,0,0,5,6,2,8,3,7,4,1,5
13,1,SS,With_Deviant,With_Concurrent_Articulation,0,0,0,0,8,4,1,6,2,7,5,3,8,1,4,6
13,2,SS,With_Deviant,With_Concurrent_Articulation,4,1,6,8,3,0,0,0,4,1,6,8,3,5,2,7
13,3,SS,With_Deviant,With_Concurrent_Articulation,5,4,1,8,0,0,7,3,5,1,4,8,2,6,3,7
13,4,SS,With_Deviant,With_Concurrent_Articulation,0,0,0,0,0,0,4,8,6,2,5,7,3,1,4,8
13,5,SS,With_Deviant,With_Concurrent_Articulation,5,2,6,4,0,0,0,7,8,5,2,6,4,7,3,1
13,6,SS,With_Deviant,With_Concurrent_Articulation,5,7,4,2,0,0,0,1,5,7,4,2,6,8,3,1
14,1,SS,No_Deviant,No_Concurrent_Articulation,6,2,5,1,4,0,0,0,6,2,5,1,4,7,3,8
14,2,SS,No_Deviant,No_Concurrent_Articulation,7,1,5,3,4,6,8,2,7,1,5,3,6,4,2,8
14,3,SS,No_Deviant,No_Concurrent_Articulation,4,7,1,6,2,0,0,0,4,7,1,6,2,5,8,3
14,4,SS,No_Deviant,No_Concurrent_Articulation,4,7,5,2,0,0,0,3,4,7,5,2,6,8,1,3
14,5,SS,No_Deviant,No_Concurrent_Articulation,3,8,4,1,0,0,6,2,3,8,4,1,6,2,5,7
14,6,SS,No_Deviant,No_Concurrent_Articulation,2,5,3,6,4,8,7,1,2,5,7,3,6,4,8,1
14,1,SS,With_Deviant,No_Concurrent_Articulation,5,8,4,2,0,0,0,6,5,8,4,2,6,1,7,3
14,2,SS,With_Deviant,No_Concurrent_Articulation,3,5,7,0,0,0,0,1,3,5,7,4,8,2,6,1
14,3,SS,With_Deviant,No_Concurrent_Articulation,6,4,5,0,0,0,0,0,6,4,8,5,1,3,7,2
14,4,SS,With_Deviant,No_Concurrent_Articulation,6,3,8,1,4,0,0,0,6,3,8,1,4,2,7,5
14,5,SS,With_Deviant,No_Concurrent_Articulation,8,1,3,6,0,0,5,7,8,1,3,6,2,4,7,5
14,6,SS,With_Deviant,No_Concurrent_Articulation,4,2,8,5,0,0,0,0,4,2,8,5,3,7,1,6
14,1,SS,No_Deviant,With_Concurrent_Articulation,3,6,8,0,0,0,0,4,3,6,8,1,7,5,2,4
14,2,SS,No_Deviant,With_Concurrent_Articulation,4,0,0,0,0,0,0,2,8,4,7,1,6,3,5,2
14,3,SS,No_Deviant,With_Concurrent_Articulation,2,5,8,0,0,0,0,4,2,5,8,1,7,3,6,4
14,4,SS,No_Deviant,With_Concurrent_Articulation,3,6,1,0,0,0,0,0,3,6,1,8,2,5,7,4
14,5,SS,No_Deviant,With_Concurrent_Articulation,2,6,4,0,0,0,0,0,6,4,7,2,8,5,1,3
14,6,SS,No_Deviant,With_Concurrent_Articulation,6,2,0,0,0,0,0,5,6,2,8,3,7,4,1,5
14,1,SS,With_Deviant,With_Concurrent_Articulation,2,7,5,0,0,0,0,0,2,7,5,3,8,1,4,6
14,2,SS,With_Deviant,With_Concurrent_Articulation,4,1,6,0,0,0,0,7,4,1,6,8,3,5,2,7
14,3,SS,With_Deviant,With_Concurrent_Articulation,0,0,0,0,0,0,0,7,5,1,4,8,2,6,3,7
14,4,SS,With_Deviant,With_Concurrent_Articulation,6,2,5,0,0,0,0,0,6,2,5,7,3,1,4,8
14,5,SS,With_Deviant,With_Concurrent_Articulation,8,5,2,0,0,0,0,1,8,5,2,6,4,7,3,1
14,6,SS,With_Deviant,With_Concurrent_Articulation,5,7,4,0,0,0,0,0,5,7,4,2,6,8,3,1
15,1,SS,No_Deviant,No_Concurrent_Articulation,3,6,8,1,7,5,2,4,3,6,8,1,7,5,2,4
15,2,SS,No_Deviant,No_Concurrent_Articulation,8,4,7,1,6,3,5,2,8,4,7,1,6,3,5,2
15,3,SS,No_Deviant,No_Concurrent_Articulation,2,5,8,1,0,0,3,6,2,5,8,1,7,3,6,4
15,4,SS,No_Deviant,No_Concurrent_Articulation,3,6,1,8,2,5,7,4,3,6,1,8,2,5,7,4
15,5,SS,No_Deviant,No_Concurrent_Articulation,6,4,7,2,8,5,1,3,6,4,7,2,8,5,1,3
15,6,SS,No_Deviant,No_Concurrent_Articulation,6,2,8,3,7,4,1,5,6,2,8,3,7,4,1,5
15,1,SS,With_Deviant,No_Concurrent_Articulation,2,7,5,3,8,1,4,6,2,7,5,3,8,1,4,6
15,2,SS,With_Deviant,No_Concurrent_Articulation,4,1,6,8,3,5,2,7,2,7,5,3,8,6,1,4
15,3,SS,With_Deviant,No_Concurrent_Articulation,5,1,4,8,2,6,3,7,5,1,4,8,2,6,3,7
15,4,SS,With_Deviant,No_Concurrent_Articulation,6,2,5,7,3,1,4,8,6,2,5,7,3,1,4,8
15,5,SS,With_Deviant,No_Concurrent_Articulation,8,5,2,6,4,7,3,1,8,5,2,6,4,7,3,1
15,6,SS,With_Deviant,No_Concurrent_Articulation,5,7,4,2,6,8,3,1,5,7,4,2,6,8,3,1
15,1,SS,No_Deviant,With_Concurrent_Articulation,0,0,8,4,0,2,5,7,3,6,8,1,7,5,2,4
15,2,SS,No_Deviant,With_Concurrent_Articulation,6,2,3,7,8,4,1,5,8,4,7,1,6,3,5,2
15,3,SS,No_Deviant,With_Concurrent_Articulation,6,4,0,0,0,5,1,3,2,5,8,1,7,3,6,4
15,4,SS,No_Deviant,With_Concurrent_Articulation,2,7,0,1,0,0,8,5,3,6,1,8,2,5,7,4
15,5,SS,No_Deviant,With_Concurrent_Articulation,3,7,4,6,1,8,5,2,6,4,7,2,8,5,1,3
15,6,SS,No_Deviant,With_Concurrent_Articulation,4,2,6,8,5,7,3,1,6,2,8,3,7,4,1,5
15,1,SS,With_Deviant,With_Concurrent_Articulation,0,0,0,0,3,6,7,1,2,7,5,3,8,1,4,6
15,2,SS,With_Deviant,With_Concurrent_Articulation,2,6,8,4,2,5,7,1,4,1,6,8,3,5,2,7
15,3,SS,With_Deviant,With_Concurrent_Articulation,3,1,0,0,0,0,5,7,5,1,4,8,2,6,3,7
15,4,SS,With_Deviant,With_Concurrent_Articulation,3,5,0,0,0,2,6,1,6,2,5,7,3,1,4,8
15,5,SS,With_Deviant,With_Concurrent_Articulation,2,4,8,6,3,5,7,1,8,5,2,6,4,7,3,1
15,6,SS,With_Deviant,With_Concurrent_Articulation,3,5,8,6,1,4,2,7,5,7,4,2,6,8,3,1
16,1,SS,No_Deviant,No_Concurrent_Articulation,3,6,8,5,7,4,2,3,3,6,8,1,7,5,2,4
16,2,SS,No_Deviant,No_Concurrent_Articulation,8,1,7,4,6,3,5,2,8,4,7,1,6,3,5,2
16,3,SS,No_Deviant,No_Concurrent_Articulation,2,5,8,1,7,3,6,4,2,5,8,1,7,3,6,4
16,4,SS,No_Deviant,No_Concurrent_Articulation,3,6,1,8,2,5,7,4,3,6,1,8,2,5,7,4
16,5,SS,No_Deviant,No_Concurrent_Articulation,6,4,7,2,8,5,1,3,6,4,7,2,8,5,1,3
16,6,SS,No_Deviant,No_Concurrent_Articulation,6,2,8,3,7,4,1,5,6,2,8,3,7,4,1,5
16,1,SS,With_Deviant,No_Concurrent_Articulation,2,7,5,3,6,1,2,4,2,7,5,3,8,1,4,6
16,2,SS,With_Deviant,No_Concurrent_Articulation,4,1,6,8,3,5,2,1,2,7,5,3,8,6,1,4
16,3,SS,With_Deviant,No_Concurrent_Articulation,5,1,4,8,2,6,3,7,5,1,4,8,2,6,3,7
16,4,SS,With_Deviant,No_Concurrent_Articulation,6,2,5,7,3,1,6,5,6,2,5,7,3,1,4,8
16,5,SS,With_Deviant,No_Concurrent_Articulation,8,5,2,6,4,7,3,1,8,5,2,6,4,7,3,1
16,6,SS,With_Deviant,No_Concurrent_Articulation,5,7,4,2,6,8,3,1,5,7,4,2,6,8,3,1
16,1,SS,No_Deviant,With_Concurrent_Articulation,6,1,7,8,0,0,5,3,6,2,5,1,4,7,3,8
16,2,SS,No_Deviant,With_Concurrent_Articulation,5,3,7,1,0,0,0,0,7,1,5,3,6,4,2,8
16,3,SS,No_Deviant,With_Concurrent_Articulation,0,7,1,6,2,0,0,0,4,7,1,6,2,5,8,3
16,4,SS,No_Deviant,With_Concurrent_Articulation,4,7,5,2,0,0,1,0,4,7,5,2,6,8,1,3
16,5,SS,No_Deviant,With_Concurrent_Articulation,3,1,4,8,6,0,0,0,3,8,4,1,6,2,5,7
16,6,SS,No_Deviant,With_Concurrent_Articulation,2,5,7,3,0,0,0,0,2,5,7,3,6,4,8,1
16,1,SS,With_Deviant,With_Concurrent_Articulation,5,8,4,3,0,0,0,0,5,8,4,2,6,1,7,3
16,2,SS,With_Deviant,With_Concurrent_Articulation,3,5,7,4,0,0,0,0,3,5,7,4,8,2,6,1
16,3,SS,With_Deviant,With_Concurrent_Articulation,6,4,8,5,0,0,0,0,6,4,8,5,1,3,7,2
16,4,SS,With_Deviant,With_Concurrent_Articulation,8,1,6,3,4,7,0,0,6,3,8,1,4,2,7,5
16,5,SS,With_Deviant,With_Concurrent_Articulation,8,1,3,6,2,0,0,0,8,1,3,6,2,4,7,5
16,6,SS,With_Deviant,With_Concurrent_Articulation,4,2,8,5,0,0,0,0,4,2,8,5,3,7,1,6
17,1,SS,No_Deviant,No_Concurrent_Articulation,3,6,8,1,7,5,0,4,3,6,8,1,7,5,2,4
17,2,SS,No_Deviant,No_Concurrent_Articulation,8,6,7,1,4,3,5,2,8,4,7,1,6,3,5,2
17,3,SS,No_Deviant,No_Concurrent_Articulation,2,5,8,1,7,3,6,4,2,5,8,1,7,3,6,4
17,4,SS,No_Deviant,No_Concurrent_Articulation,3,6,1,8,2,5,7,4,3,6,1,8,2,5,7,4
17,5,SS,No_Deviant,No_Concurrent_Articulation,6,4,7,2,8,5,1,3,6,4,7,2,8,5,1,3
17,6,SS,No_Deviant,No_Concurrent_Articulation,6,2,8,3,7,4,0,1,6,2,8,3,7,4,1,5
17,1,SS,With_Deviant,No_Concurrent_Articulation,2,7,5,3,8,1,6,4,2,7,5,3,8,1,4,6
17,2,SS,With_Deviant,No_Concurrent_Articulation,4,1,6,8,3,5,2,7,4,1,6,8,3,5,2,7
17,3,SS,With_Deviant,No_Concurrent_Articulation,5,1,4,8,2,6,3,7,5,1,4,8,2,6,3,7
17,4,SS,With_Deviant,No_Concurrent_Articulation,6,2,5,7,3,1,4,8,6,2,5,7,3,1,4,8
17,5,SS,With_Deviant,No_Concurrent_Articulation,8,5,2,6,4,7,0,0,8,5,2,6,4,7,3,1
17,6,SS,With_Deviant,No_Concurrent_Articulation,5,7,4,2,6,8,0,1,5,7,4,2,6,8,3,1
17,1,SS,No_Deviant,With_Concurrent_Articulation,6,7,1,0,0,0,8,3,6,2,5,1,4,7,3,8
17,2,SS,No_Deviant,With_Concurrent_Articulation,0,0,0,3,6,4,2,8,7,1,5,3,6,4,2,8
17,3,SS,No_Deviant,With_Concurrent_Articulation,4,7,1,6,0,0,8,3,4,7,1,6,2,5,8,3
17,4,SS,No_Deviant,With_Concurrent_Articulation,0,0,0,0,0,8,1,3,4,7,5,2,6,8,1,3
17,5,SS,No_Deviant,With_Concurrent_Articulation,3,8,4,6,0,0,0,7,3,8,4,1,6,2,5,7
17,6,SS,No_Deviant,With_Concurrent_Articulation,2,5,7,3,6,4,8,1,2,5,7,3,6,4,8,1
17,1,SS,With_Deviant,With_Concurrent_Articulation,5,8,4,0,0,0,7,1,5,8,4,2,6,1,7,3
17,2,SS,With_Deviant,With_Concurrent_Articulation,0,0,0,4,8,2,3,7,3,5,7,4,8,2,6,1
17,3,SS,With_Deviant,With_Concurrent_Articulation,6,4,8,0,0,0,0,7,6,4,8,5,1,3,7,2
17,4,SS,With_Deviant,With_Concurrent_Articulation,6,3,8,1,4,0,0,0,6,3,8,1,4,2,7,5
17,5,SS,With_Deviant,With_Concurrent_Articulation,8,1,3,0,2,4,0,7,8,1,3,6,2,4,7,5
17,6,SS,With_Deviant,With_Concurrent_Articulation,4,2,8,0,0,0,6,7,4,2,8,5,3,7,1,6
18,1,SS,No_Deviant,No_Concurrent_Articulation,3,6,8,1,7,5,2,4,3,6,8,1,7,5,2,4
18,2,SS,No_Deviant,No_Concurrent_Articulation,8,4,7,6,3,5,0,1,8,4,7,1,6,3,5,2
18,3,SS,No_Deviant,No_Concurrent_Articulation,2,5,8,1,7,3,6,4,2,5,8,1,7,3,6,4
18,4,SS,No_Deviant,No_Concurrent_Articulation,3,6,1,8,2,5,4,7,3,6,1,8,2,5,7,4
18,5,SS,No_Deviant,No_Concurrent_Articulation,6,4,7,2,8,5,1,3,6,4,7,2,8,5,1,3
18,6,SS,No_Deviant,No_Concurrent_Articulation,6,2,8,3,0,0,7,5,6,2,8,3,7,4,1,5
18,1,SS,With_Deviant,No_Concurrent_Articulation,2,5,8,7,3,1,4,6,2,7,5,3,8,1,4,6
18,2,SS,With_Deviant,No_Concurrent_Articulation,4,1,6,8,3,5,2,7,4,1,6,8,3,5,2,7
18,3,SS,With_Deviant,No_Concurrent_Articulation,5,1,8,2,4,6,3,7,5,1,4,8,2,6,3,7
18,4,SS,With_Deviant,No_Concurrent_Articulation,6,2,5,7,0,1,0,4,6,2,5,7,3,1,4,8
18,5,SS,With_Deviant,No_Concurrent_Articulation,8,5,2,6,0,0,3,1,8,5,2,6,4,7,3,1
18,6,SS,With_Deviant,No_Concurrent_Articulation,5,7,4,2,6,8,3,1,5,7,4,2,6,8,3,1
18,1,SS,No_Deviant,With_Concurrent_Articulation,6,2,0,0,0,0,3,8,6,2,5,1,4,7,3,8
18,2,SS,No_Deviant,With_Concurrent_Articulation,7,1,5,3,0,0,0,0,7,1,5,3,6,4,2,8
18,3,SS,No_Deviant,With_Concurrent_Articulation,6,0,0,0,0,0,8,3,4,7,1,6,2,5,8,3
18,4,SS,No_Deviant,With_Concurrent_Articulation,0,0,0,0,0,3,1,8,4,7,5,2,6,8,1,3
18,5,SS,No_Deviant,With_Concurrent_Articulation,3,8,4,1,0,0,0,7,3,8,4,1,6,2,5,7
18,6,SS,No_Deviant,With_Concurrent_Articulation,2,7,3,5,0,0,1,6,2,5,7,3,6,4,8,1
18,1,SS,With_Deviant,With_Concurrent_Articulation,0,0,0,0,6,7,1,3,5,8,4,2,6,1,7,3
18,2,SS,With_Deviant,With_Concurrent_Articulation,3,5,7,4,8,0,0,1,3,5,7,4,8,2,6,1
18,3,SS,With_Deviant,With_Concurrent_Articulation,6,4,8,0,0,7,2,1,6,4,8,5,1,3,7,2
18,4,SS,With_Deviant,With_Concurrent_Articulation,6,3,8,1,0,0,0,4,6,3,8,1,4,2,7,5
18,5,SS,With_Deviant,With_Concurrent_Articulation,8,1,0,0,0,3,7,5,8,1,3,6,2,4,7,5
18,6,SS,With_Deviant,With_Concurrent_Articulation,4,2,8,0,0,1,7,6,4,2,8,5,3,7,1,6
19,1,SS,No_Deviant,No_Concurrent_Articulation,6,2,5,1,4,7,3,8,6,2,5,1,4,7,3,8
19,2,SS,No_Deviant,No_Concurrent_Articulation,7,3,5,1,6,4,2,8,7,1,5,3,6,4,2,8
19,3,SS,No_Deviant,No_Concurrent_Articulation,4,7,1,6,2,5,8,3,4,7,1,6,2,5,8,3
19,4,SS,No_Deviant,No_Concurrent_Articulation,4,7,5,2,6,8,1,3,4,7,5,2,6,8,1,3
19,5,SS,No_Deviant,No_Concurrent_Articulation,3,8,4,1,6,2,5,7,3,8,4,1,6,2,5,7
19,6,SS,No_Deviant,No_Concurrent_Articulation,2,5,7,3,6,4,8,1,2,5,7,3,6,4,8,1
19,1,SS,With_Deviant,No_Concurrent_Articulation,5,8,4,2,6,1,7,3,5,8,4,2,6,1,7,3
19,2,SS,With_Deviant,No_Concurrent_Articulation,3,4,7,5,8,2,6,1,3,5,7,4,8,2,6,1
19,3,SS,With_Deviant,No_Concurrent_Articulation,6,4,8,5,1,3,7,2,6,4,8,5,1,3,7,2
19,4,SS,With_Deviant,No_Concurrent_Articulation,6,3,8,1,4,2,7,5,6,3,8,1,4,2,7,5
19,5,SS,With_Deviant,No_Concurrent_Articulation,8,1,3,6,2,4,7,5,8,1,3,6,2,4,7,5
19,6,SS,With_Deviant,No_Concurrent_Articulation,4,2,8,5,3,7,1,6,4,2,8,5,3,7,1,6
19,1,SS,No_Deviant,With_Concurrent_Articulation,3,6,8,1,0,0,0,4,3,6,8,1,7,5,2,4
19,2,SS,No_Deviant,With_Concurrent_Articulation,8,4,7,1,0,0,5,2,8,4,7,1,6,3,5,2
19,3,SS,No_Deviant,With_Concurrent_Articulation,2,5,8,1,7,3,6,4,2,5,8,1,7,3,6,4
19,4,SS,No_Deviant,With_Concurrent_Articulation,3,6,1,8,7,0,0,0,3,6,1,8,2,5,7,4
19,5,SS,No_Deviant,With_Concurrent_Articulation,0,4,7,2,8,0,0,0,6,4,7,2,8,5,1,3
19,6,SS,No_Deviant,With_Concurrent_Articulation,0,0,0,0,0,0,1,5,6,2,8,3,7,4,1,5
19,1,SS,With_Deviant,With_Concurrent_Articulation,2,7,5,4,0,0,0,6,2,7,5,3,8,1,4,6
19,2,SS,With_Deviant,With_Concurrent_Articulation,4,1,6,8,0,0,0,7,4,1,6,8,3,5,2,7
19,3,SS,With_Deviant,With_Concurrent_Articulation,5,1,4,8,0,0,0,7,5,1,4,8,2,6,3,7
19,4,SS,With_Deviant,With_Concurrent_Articulation,6,2,5,7,0,0,0,8,6,2,5,7,3,1,4,8
19,5,SS,With_Deviant,With_Concurrent_Articulation,8,5,2,6,4,0,0,0,8,5,2,6,4,7,3,1
19,6,SS,With_Deviant,With_Concurrent_Articulation,5,4,7,2,0,0,0,1,5,7,4,2,6,8,3,1
20,1,SS,No_Deviant,No_Concurrent_Articulation,6,2,5,1,4,7,3,8,6,2,5,1,4,7,3,8
20,2,SS,No_Deviant,No_Concurrent_Articulation,7,1,5,3,6,4,2,8,7,1,5,3,6,4,2,8
20,3,SS,No_Deviant,No_Concurrent_Articulation,4,7,1,6,2,5,3,8,4,7,1,6,2,5,8,3
20,4,SS,No_Deviant,No_Concurrent_Articulation,4,7,5,6,2,8,1,3,4,7,5,2,6,8,1,3
20,5,SS,No_Deviant,No_Concurrent_Articulation,3,8,4,1,6,2,5,7,3,8,4,1,6,2,5,7
20,6,SS,No_Deviant,No_Concurrent_Articulation,2,5,7,3,6,4,8,1,2,5,7,3,6,4,8,1
20,1,SS,With_Deviant,No_Concurrent_Articulation,5,8,4,6,2,3,7,1,5,8,4,2,6,1,7,3
20,2,SS,With_Deviant,No_Concurrent_Articulation,3,5,7,4,8,2,1,6,3,5,7,4,8,2,6,1
20,3,SS,With_Deviant,No_Concurrent_Articulation,6,4,8,5,1,3,7,2,6,4,8,5,1,3,7,2
20,4,SS,With_Deviant,No_Concurrent_Articulation,6,3,8,1,4,2,5,7,6,3,8,1,4,2,7,5
20,5,SS,With_Deviant,No_Concurrent_Articulation,8,1,3,6,2,4,7,5,8,1,3,6,2,4,7,5
20,6,SS,With_Deviant,No_Concurrent_Articulation,4,2,8,5,3,7,1,6,4,2,8,5,3,7,1,6
20,1,SS,No_Deviant,With_Concurrent_Articulation,3,5,8,2,7,4,6,1,3,6,8,1,7,5,2,4
20,2,SS,No_Deviant,With_Concurrent_Articulation,8,1,7,3,5,2,4,6,8,4,7,1,6,3,5,2
20,3,SS,No_Deviant,With_Concurrent_Articulation,2,5,7,1,3,6,4,8,2,5,8,1,7,3,6,4
20,4,SS,No_Deviant,With_Concurrent_Articulation,3,6,7,8,4,2,5,1,3,6,1,8,2,5,7,4
20,5,SS,No_Deviant,With_Concurrent_Articulation,6,4,7,8,3,5,1,2,6,4,7,2,8,5,1,3
20,6,SS,No_Deviant,With_Concurrent_Articulation,6,2,8,3,7,5,1,4,6,2,8,3,7,4,1,5
20,1,SS,With_Deviant,With_Concurrent_Articulation,5,3,7,6,1,2,8,4,2,7,5,3,8,1,4,6
20,2,SS,With_Deviant,With_Concurrent_Articulation,3,1,8,5,2,4,7,6,4,1,6,8,3,5,2,7
20,3,SS,With_Deviant,With_Concurrent_Articulation,5,4,3,1,7,6,8,2,5,1,4,8,2,6,3,7
20,4,SS,With_Deviant,With_Concurrent_Articulation,6,2,5,7,1,8,4,3,6,2,5,7,3,1,4,8
20,5,SS,With_Deviant,With_Concurrent_Articulation,8,5,2,6,7,4,3,1,8,5,2,6,4,7,3,1
20,6,SS,With_Deviant,With_Concurrent_Articulation,5,6,7,8,1,3,4,2,5,7,4,2,6,8,3,1
1,1,CS,No_Deviant,No_Concurrent_Articulation,6,2,1,5,4,0,7,8,6,2,5,1,4,7,3,8
1,2,CS,No_Deviant,No_Concurrent_Articulation,0,0,0,0,0,8,6,3,5,1,7,4,2,8,6,3
1,3,CS,No_Deviant,No_Concurrent_Articulation,4,2,8,6,3,7,5,1,4,2,8,6,3,7,5,1
1,4,CS,No_Deviant,No_Concurrent_Articulation,4,6,3,7,2,8,5,1,4,6,3,7,2,8,5,1
1,5,CS,No_Deviant,No_Concurrent_Articulation,6,8,4,7,2,1,5,3,6,8,4,7,1,3,5,2
1,6,CS,No_Deviant,No_Concurrent_Articulation,4,7,2,6,8,3,0,0,4,7,2,6,8,3,5,1
1,1,CS,With_Deviant,No_Concurrent_Articulation,0,0,0,0,0,7,0,6,5,8,1,4,7,2,6,3
1,2,CS,With_Deviant,No_Concurrent_Articulation,0,0,0,0,8,5,3,6,2,7,4,1,5,3,8,6
1,3,CS,With_Deviant,No_Concurrent_Articulation,5,3,7,1,4,6,8,2,5,3,7,1,4,6,2,8
1,4,CS,With_Deviant,No_Concurrent_Articulation,6,2,8,5,3,1,4,7,6,2,8,3,5,1,4,7
1,5,CS,With_Deviant,No_Concurrent_Articulation,4,7,2,5,3,6,8,1,4,7,2,5,3,6,8,1
1,6,CS,With_Deviant,No_Concurrent_Articulation,5,3,7,4,2,8,0,0,5,3,7,4,2,8,1,6
1,1,CS,No_Deviant,With_Concurrent_Articulation,0,7,3,0,0,0,4,8,2,7,3,5,1,6,4,8
1,2,CS,No_Deviant,With_Concurrent_Articulation,7,5,3,0,0,0,4,2,7,5,3,6,1,8,4,2
1,3,CS,No_Deviant,With_Concurrent_Articulation,2,6,4,0,0,0,0,0,2,6,4,8,1,5,3,7
1,4,CS,No_Deviant,With_Concurrent_Articulation,6,8,3,5,0,0,7,4,3,5,8,6,1,4,7,2
1,5,CS,No_Deviant,With_Concurrent_Articulation,3,5,8,0,0,5,7,2,3,8,4,6,1,5,2,7
1,6,CS,No_Deviant,With_Concurrent_Articulation,0,0,0,0,2,4,7,1,3,5,8,2,6,4,7,1
1,1,CS,With_Deviant,With_Concurrent_Articulation,8,3,0,0,0,0,2,6,5,3,8,1,7,4,2,6
1,2,CS,With_Deviant,With_Concurrent_Articulation,8,6,1,0,0,0,5,7,8,6,1,4,2,7,3,5
1,3,CS,With_Deviant,With_Concurrent_Articulation,2,5,7,0,0,0,0,6,5,2,7,3,8,4,1,6
1,4,CS,With_Deviant,With_Concurrent_Articulation,2,8,4,0,0,7,1,5,8,3,6,4,7,2,5,1
1,5,CS,With_Deviant,With_Concurrent_Articulation,2,5,1,0,0,4,3,8,2,5,1,7,4,6,3,8
1,6,CS,With_Deviant,With_Concurrent_Articulation,2,8,4,1,0,0,0,3,4,8,1,5,2,6,3,7
2,1,CS,No_Deviant,No_Concurrent_Articulation,6,2,1,0,0,0,0,8,6,2,5,1,4,7,3,8
2,2,CS,No_Deviant,No_Concurrent_Articulation,5,1,7,0,0,0,0,7,5,1,7,4,2,8,6,3
2,3,CS,No_Deviant,No_Concurrent_Articulation,4,3,0,0,0,0,0,0,4,2,8,6,3,7,5,1
2,4,CS,No_Deviant,No_Concurrent_Articulation,4,6,3,7,0,0,0,1,4,6,3,7,2,8,5,1
2,5,CS,No_Deviant,No_Concurrent_Articulation,6,8,0,0,4,0,0,8,6,8,4,7,1,3,5,2
2,6,CS,No_Deviant,No_Concurrent_Articulation,4,7,2,0,5,0,0,0,4,7,2,6,8,3,5,1
2,1,CS,With_Deviant,No_Concurrent_Articulation,5,8,0,1,7,0,0,4,5,8,1,4,7,2,6,3
2,2,CS,With_Deviant,No_Concurrent_Articulation,0,0,0,0,0,0,0,0,2,7,4,1,5,3,8,6
2,3,CS,With_Deviant,No_Concurrent_Articulation,5,1,3,0,4,0,0,8,5,3,7,1,4,6,2,8
2,4,CS,With_Deviant,No_Concurrent_Articulation,6,2,8,3,5,0,0,0,6,2,8,3,5,1,4,7
2,5,CS,With_Deviant,No_Concurrent_Articulation,4,7,2,0,0,0,0,1,4,7,2,5,3,6,8,1
2,6,CS,With_Deviant,No_Concurrent_Articulation,5,0,0,0,2,0,0,0,5,3,7,4,2,8,1,6
2,1,CS,No_Deviant,With_Concurrent_Articulation,2,7,0,0,0,1,0,8,2,7,3,5,1,6,4,8
2,2,CS,No_Deviant,With_Concurrent_Articulation,7,0,0,0,0,0,0,2,7,5,3,6,1,8,4,2
2,3,CS,No_Deviant,With_Concurrent_Articulation,0,0,0,0,0,0,3,7,2,6,4,8,1,5,3,7
2,4,CS,No_Deviant,With_Concurrent_Articulation,3,5,8,0,0,0,0,2,3,5,8,6,1,4,7,2
2,5,CS,No_Deviant,With_Concurrent_Articulation,0,0,0,0,0,0,7,2,3,8,4,6,1,5,2,7
2,6,CS,No_Deviant,With_Concurrent_Articulation,0,0,0,0,0,0,0,0,3,5,8,2,6,4,7,1
2,1,CS,With_Deviant,With_Concurrent_Articulation,0,3,0,0,0,0,0,6,5,3,8,1,7,4,2,6
2,2,CS,With_Deviant,With_Concurrent_Articulation,0,6,4,1,0,0,0,5,8,6,1,4,2,7,3,5
2,3,CS,With_Deviant,With_Concurrent_Articulation,5,7,2,0,0,0,0,6,5,2,7,3,8,4,1,6
2,4,CS,With_Deviant,With_Concurrent_Articulation,0,5,6,0,0,0,0,1,8,3,6,4,7,2,5,1
2,5,CS,With_Deviant,With_Concurrent_Articulation,2,7,1,0,0,0,0,0,2,5,1,7,4,6,3,8
2,6,CS,With_Deviant,With_Concurrent_Articulation,4,1,8,0,0,0,0,7,4,8,1,5,2,6,3,7
3,1,CS,No_Deviant,No_Concurrent_Articulation,6,2,5,1,4,7,3,8,6,2,5,1,4,7,3,8
3,2,CS,No_Deviant,No_Concurrent_Articulation,5,1,7,2,4,3,6,8,5,1,7,4,2,8,6,3
3,3,CS,No_Deviant,No_Concurrent_Articulation,4,6,8,2,3,7,5,1,4,2,8,6,3,7,5,1
3,4,CS,No_Deviant,No_Concurrent_Articulation,4,6,3,7,2,8,5,1,4,6,3,7,2,8,5,1
3,5,CS,No_Deviant,No_Concurrent_Articulation,6,8,4,7,1,3,5,2,6,8,4,7,1,3,5,2
3,6,CS,No_Deviant,No_Concurrent_Articulation,4,7,2,6,8,3,1,5,4,7,2,6,8,3,5,1
3,1,CS,With_Deviant,No_Concurrent_Articulation,5,8,1,4,0,0,2,0,5,8,1,4,7,2,6,3
3,2,CS,With_Deviant,No_Concurrent_Articulation,2,7,4,1,5,6,3,8,2,7,4,1,5,3,8,6
3,3,CS,With_Deviant,No_Concurrent_Articulation,3,6,4,7,5,2,0,1,5,3,7,1,4,6,2,8
3,4,CS,With_Deviant,No_Concurrent_Articulation,6,2,8,3,5,1,4,7,6,2,8,3,5,1,4,7
3,5,CS,With_Deviant,No_Concurrent_Articulation,4,7,3,5,2,6,1,8,4,7,2,5,3,6,8,1
3,6,CS,With_Deviant,No_Concurrent_Articulation,5,3,7,4,2,8,1,6,5,3,7,4,2,8,1,6
3,1,CS,No_Deviant,With_Concurrent_Articulation,2,7,3,5,1,6,0,0,2,7,3,5,1,6,4,8
3,2,CS,No_Deviant,With_Concurrent_Articulation,7,5,3,6,1,8,4,2,7,5,3,6,1,8,4,2
3,3,CS,No_Deviant,With_Concurrent_Articulation,2,6,4,8,1,5,0,0,2,6,4,8,1,5,3,7
3,4,CS,No_Deviant,With_Concurrent_Articulation,8,6,1,4,2,7,0,0,3,5,8,6,1,4,7,2
3,5,CS,No_Deviant,With_Concurrent_Articulation,4,3,8,6,2,7,1,5,3,8,4,6,1,5,2,7
3,6,CS,No_Deviant,With_Concurrent_Articulation,3,5,8,2,6,4,7,1,3,5,8,2,6,4,7,1
3,1,CS,With_Deviant,With_Concurrent_Articulation,0,0,1,8,7,4,0,0,5,3,8,1,7,4,2,6
3,2,CS,With_Deviant,With_Concurrent_Articulation,8,6,1,4,2,7,5,3,8,6,1,4,2,7,3,5
3,3,CS,With_Deviant,With_Concurrent_Articulation,5,2,7,3,0,6,0,8,5,2,7,3,8,4,1,6
3,4,CS,With_Deviant,With_Concurrent_Articulation,0,3,6,4,7,0,0,0,8,3,6,4,7,2,5,1
3,5,CS,With_Deviant,With_Concurrent_Articulation,2,5,1,7,0,0,4,3,2,5,1,7,4,6,3,8
3,6,CS,With_Deviant,With_Concurrent_Articulation,4,5,1,8,2,0,0,0,4,8,1,5,2,6,3,7
4,1,CS,No_Deviant,No_Concurrent_Articulation,2,8,4,6,3,0,0,0,2,8,3,6,4,1,5,7
4,2,CS,No_Deviant,No_Concurrent_Articulation,2,4,8,5,3,6,0,0,2,4,8,5,3,6,1,7
4,3,CS,No_Deviant,No_Concurrent_Articulation,7,2,5,8,0,0,0,1,7,2,5,8,3,1,6,4
4,4,CS,No_Deviant,No_Concurrent_Articulation,2,6,4,0,0,0,8,1,2,6,4,7,3,5,1,8
4,5,CS,No_Deviant,No_Concurrent_Articulation,3,5,8,6,1,2,4,0,3,5,8,6,1,7,2,4
4,6,CS,No_Deviant,No_Concurrent_Articulation,4,2,3,5,6,0,0,7,4,2,5,3,6,8,1,7
4,1,CS,With_Deviant,No_Concurrent_Articulation,6,4,8,3,5,1,0,0,6,4,8,5,2,7,3,1
4,2,CS,With_Deviant,No_Concurrent_Articulation,6,3,2,1,0,0,0,0,6,3,1,4,2,7,5,8
4,3,CS,With_Deviant,No_Concurrent_Articulation,6,4,8,1,0,0,0,2,6,4,8,1,5,3,7,2
4,4,CS,With_Deviant,No_Concurrent_Articulation,2,5,8,2,6,0,0,0,7,5,8,3,6,2,4,1
4,5,CS,With_Deviant,No_Concurrent_Articulation,4,2,7,5,1,8,0,0,4,2,7,3,6,8,5,1
4,6,CS,With_Deviant,No_Concurrent_Articulation,8,3,5,7,1,0,0,0,8,3,7,5,1,4,2,6
4,1,CS,No_Deviant,With_Concurrent_Articulation,7,4,2,6,0,0,0,0,7,4,2,6,1,5,3,8
4,2,CS,No_Deviant,With_Concurrent_Articulation,2,6,0,0,0,0,0,5,2,6,4,8,1,7,3,5
4,3,CS,No_Deviant,With_Concurrent_Articulation,3,1,8,5,0,0,4,7,3,1,8,5,2,6,4,7
4,4,CS,No_Deviant,With_Concurrent_Articulation,4,6,3,7,5,1,8,0,4,6,3,7,1,5,2,8
4,5,CS,No_Deviant,With_Concurrent_Articulation,8,5,1,0,0,0,7,4,8,5,1,7,3,6,4,2
4,6,CS,No_Deviant,With_Concurrent_Articulation,4,1,8,0,0,0,0,7,4,1,8,6,2,5,3,7
4,1,CS,With_Deviant,With_Concurrent_Articulation,2,7,0,0,0,0,0,3,2,7,5,1,4,8,6,3
4,2,CS,With_Deviant,With_Concurrent_Articulation,5,2,7,0,0,0,0,1,5,2,7,3,8,4,1,6
4,3,CS,With_Deviant,With_Concurrent_Articulation,2,4,8,7,1,0,0,0,2,4,7,1,8,5,3,6
4,4,CS,With_Deviant,With_Concurrent_Articulation,5,3,6,4,0,0,0,0,5,3,6,4,2,8,1,7
4,5,CS,With_Deviant,With_Concurrent_Articulation,3,7,0,0,0,0,0,1,3,7,4,2,6,8,5,1
4,6,CS,With_Deviant,With_Concurrent_Articulation,6,4,2,7,0,0,0,8,6,2,4,7,3,1,5,8
5,1,CS,No_Deviant,No_Concurrent_Articulation,2,6,8,4,3,1,7,5,2,8,3,6,4,1,5,7
5,2,CS,No_Deviant,No_Concurrent_Articulation,4,5,8,2,6,3,0,0,2,4,8,5,3,6,1,7
5,3,CS,No_Deviant,No_Concurrent_Articulation,7,2,5,8,3,1,6,4,7,2,5,8,3,1,6,4
5,4,CS,No_Deviant,No_Concurrent_Articulation,2,6,4,7,3,5,1,8,2,6,4,7,3,5,1,8
5,5,CS,No_Deviant,No_Concurrent_Articulation,3,5,8,6,1,7,2,4,3,5,8,6,1,7,2,4
5,6,CS,No_Deviant,No_Concurrent_Articulation,4,2,5,8,6,7,3,1,4,2,5,3,6,8,1,7
5,1,CS,With_Deviant,No_Concurrent_Articulation,6,4,8,5,2,3,7,1,6,4,8,5,2,7,3,1
5,2,CS,With_Deviant,No_Concurrent_Articulation,6,3,1,4,7,2,5,8,6,3,1,4,2,7,5,8
5,3,CS,With_Deviant,No_Concurrent_Articulation,6,4,8,1,5,3,7,2,6,4,8,1,5,3,7,2
5,4,CS,With_Deviant,No_Concurrent_Articulation,7,5,3,8,6,4,2,1,7,5,8,3,6,2,4,1
5,5,CS,With_Deviant,No_Concurrent_Articulation,4,2,7,3,6,5,8,1,4,2,7,3,6,8,5,1
5,6,CS,With_Deviant,No_Concurrent_Articulation,8,3,7,5,1,4,2,6,8,3,7,5,1,4,2,6
5,1,CS,No_Deviant,With_Concurrent_Articulation,5,7,4,3,0,0,0,0,7,4,2,6,1,5,3,8
5,2,CS,No_Deviant,With_Concurrent_Articulation,2,6,4,8,3,5,0,0,2,6,4,8,1,7,3,5
5,3,CS,No_Deviant,With_Concurrent_Articulation,3,7,1,0,0,0,0,0,3,1,8,5,2,6,4,7
5,4,CS,No_Deviant,With_Concurrent_Articulation,4,7,3,1,5,0,0,0,4,6,3,7,1,5,2,8
5,5,CS,No_Deviant,With_Concurrent_Articulation,8,5,7,1,4,0,0,0,8,5,1,7,3,6,4,2
5,6,CS,No_Deviant,With_Concurrent_Articulation,4,1,8,3,6,2,0,0,4,1,8,6,2,5,3,7
5,1,CS,With_Deviant,With_Concurrent_Articulation,2,7,5,1,6,0,0,0,2,7,5,1,4,8,6,3
5,2,CS,With_Deviant,With_Concurrent_Articulation,2,7,5,3,4,0,0,0,5,2,7,3,8,4,1,6
5,3,CS,With_Deviant,With_Concurrent_Articulation,2,7,4,3,0,0,0,0,2,4,7,1,8,5,3,6
5,4,CS,With_Deviant,With_Concurrent_Articulation,5,3,6,4,1,0,0,0,5,3,6,4,2,8,1,7
5,5,CS,With_Deviant,With_Concurrent_Articulation,3,7,4,2,1,6,0,0,3,7,4,2,6,8,5,1
5,6,CS,With_Deviant,With_Concurrent_Articulation,6,2,4,7,1,3,8,0,6,2,4,7,3,1,5,8
6,1,CS,No_Deviant,No_Concurrent_Articulation,2,8,3,6,7,0,1,7,2,8,3,6,4,1,5,7
6,2,CS,No_Deviant,No_Concurrent_Articulation,2,4,8,5,3,6,1,8,2,4,8,5,3,6,1,7
6,3,CS,No_Deviant,No_Concurrent_Articulation,7,2,5,8,3,1,3,0,7,2,5,8,3,1,6,4
6,4,CS,No_Deviant,No_Concurrent_Articulation,2,6,4,0,0,0,6,8,2,6,4,7,3,5,1,8
6,5,CS,No_Deviant,No_Concurrent_Articulation,3,5,8,6,1,7,4,0,3,5,8,6,1,7,2,4
6,6,CS,No_Deviant,No_Concurrent_Articulation,4,2,5,3,2,6,8,0,4,2,5,3,6,8,1,7
6,1,CS,With_Deviant,No_Concurrent_Articulation,6,4,8,3,7,1,5,0,6,4,8,5,2,7,3,1
6,2,CS,With_Deviant,No_Concurrent_Articulation,4,3,1,6,2,7,0,0,6,3,1,4,2,7,5,8
6,3,CS,With_Deviant,No_Concurrent_Articulation,6,5,8,0,3,0,0,0,6,4,8,1,5,3,7,2
6,4,CS,With_Deviant,No_Concurrent_Articulation,7,5,8,3,0,0,4,1,7,5,8,3,6,2,4,1
6,5,CS,With_Deviant,No_Concurrent_Articulation,4,2,7,3,6,8,0,1,4,2,7,3,6,8,5,1
6,6,CS,With_Deviant,No_Concurrent_Articulation,8,3,5,1,7,0,0,0,8,3,7,5,1,4,2,6
6,1,CS,No_Deviant,With_Concurrent_Articulation,0,0,0,0,0,1,3,8,7,4,2,6,1,5,3,8
6,2,CS,No_Deviant,With_Concurrent_Articulation,2,4,8,6,7,1,0,0,2,6,4,8,1,7,3,5
6,3,CS,No_Deviant,With_Concurrent_Articulation,0,0,0,0,1,3,4,7,3,1,8,5,2,6,4,7
6,4,CS,No_Deviant,With_Concurrent_Articulation,0,0,0,0,1,5,2,8,4,6,3,7,1,5,2,8
6,5,CS,No_Deviant,With_Concurrent_Articulation,0,0,0,0,0,0,4,2,8,5,1,7,3,6,4,2
6,6,CS,No_Deviant,With_Concurrent_Articulation,4,1,8,6,0,0,0,2,4,1,8,6,2,5,3,7
6,1,CS,With_Deviant,With_Concurrent_Articulation,0,7,1,5,0,6,3,7,2,7,5,1,4,8,6,3
6,2,CS,With_Deviant,With_Concurrent_Articulation,0,0,0,0,0,4,1,6,5,2,7,3,8,4,1,6
6,3,CS,With_Deviant,With_Concurrent_Articulation,0,0,0,0,4,8,3,6,2,4,7,1,8,5,3,6
6,4,CS,With_Deviant,With_Concurrent_Articulation,0,0,0,0,8,1,3,7,5,3,6,4,2,8,1,7
6,5,CS,With_Deviant,With_Concurrent_Articulation,3,7,5,1,0,0,0,4,3,7,4,2,6,8,5,1
6,6,CS,With_Deviant,With_Concurrent_Articulation,6,2,0,0,0,0,1,5,6,2,4,7,3,1,5,8
7,1,CS,No_Deviant,No_Concurrent_Articulation,6,2,5,1,4,7,3,8,6,2,5,1,4,7,3,8
7,2,CS,No_Deviant,No_Concurrent_Articulation,5,1,7,4,6,3,2,1,5,1,7,4,2,8,6,3
7,3,CS,No_Deviant,No_Concurrent_Articulation,4,2,8,6,3,7,5,1,4,2,8,6,3,7,5,1
7,4,CS,No_Deviant,No_Concurrent_Articulation,3,6,4,7,2,8,5,1,4,6,3,7,2,8,5,1
7,5,CS,No_Deviant,No_Concurrent_Articulation,3,6,8,7,4,2,5,3,6,8,4,7,1,3,5,2
7,6,CS,No_Deviant,No_Concurrent_Articulation,4,3,7,6,8,5,2,1,4,7,2,6,8,3,5,1
7,1,CS,With_Deviant,No_Concurrent_Articulation,5,2,8,4,7,6,1,3,5,8,1,4,7,2,6,3
7,2,CS,With_Deviant,No_Concurrent_Articulation,0,0,0,0,0,0,0,0,2,7,4,1,5,3,8,6
7,3,CS,With_Deviant,No_Concurrent_Articulation,5,3,7,1,2,6,4,8,5,3,7,1,4,6,2,8
7,4,CS,With_Deviant,No_Concurrent_Articulation,6,2,8,3,5,4,1,7,6,2,8,3,5,1,4,7
7,5,CS,With_Deviant,No_Concurrent_Articulation,4,3,7,5,2,6,8,1,4,7,2,5,3,6,8,1
7,6,CS,With_Deviant,No_Concurrent_Articulation,5,3,7,4,6,3,8,0,5,3,7,4,2,8,1,6
7,1,CS,No_Deviant,With_Concurrent_Articulation,2,7,4,5,0,0,0,8,2,7,3,5,1,6,4,8
7,2,CS,No_Deviant,With_Concurrent_Articulation,7,5,0,0,0,0,3,4,7,5,3,6,1,8,4,2
7,3,CS,No_Deviant,With_Concurrent_Articulation,2,6,4,8,0,0,0,3,2,6,4,8,1,5,3,7
7,4,CS,No_Deviant,With_Concurrent_Articulation,3,5,8,0,0,0,0,2,3,5,8,6,1,4,7,2
7,5,CS,No_Deviant,With_Concurrent_Articulation,3,0,0,0,0,5,2,7,3,8,4,6,1,5,2,7
7,6,CS,No_Deviant,With_Concurrent_Articulation,3,5,8,6,0,0,0,4,3,5,8,2,6,4,7,1
7,1,CS,With_Deviant,With_Concurrent_Articulation,5,3,8,0,0,0,0,6,5,3,8,1,7,4,2,6
7,2,CS,With_Deviant,With_Concurrent_Articulation,8,6,7,1,0,0,3,5,8,6,1,4,2,7,3,5
7,3,CS,With_Deviant,With_Concurrent_Articulation,5,2,7,0,0,0,0,8,5,2,7,3,8,4,1,6
7,4,CS,With_Deviant,With_Concurrent_Articulation,8,3,6,4,0,0,0,1,8,3,6,4,7,2,5,1
7,5,CS,With_Deviant,With_Concurrent_Articulation,2,7,5,1,0,0,0,6,2,5,1,7,4,6,3,8
7,6,CS,With_Deviant,With_Concurrent_Articulation,4,8,1,0,0,0,0,6,4,8,1,5,2,6,3,7
8,1,CS,No_Deviant,No_Concurrent_Articulation,7,2,1,0,0,4,3,8,6,2,5,1,4,7,3,8
8,2,CS,No_Deviant,No_Concurrent_Articulation,0,0,4,1,2,8,6,3,5,1,7,4,2,8,6,3
8,3,CS,No_Deviant,No_Concurrent_Articulation,0,0,0,0,0,7,5,1,4,2,8,6,3,7,5,1
8,4,CS,No_Deviant,No_Concurrent_Articulation,2,6,0,0,0,8,5,1,4,6,3,7,2,8,5,1
8,5,CS,No_Deviant,No_Concurrent_Articulation,6,8,1,0,0,3,5,2,6,8,4,7,1,3,5,2
8,6,CS,No_Deviant,No_Concurrent_Articulation,7,4,2,0,0,0,8,1,4,7,2,6,8,3,5,1
8,1,CS,With_Deviant,No_Concurrent_Articulation,0,0,1,7,4,2,6,3,5,8,1,4,7,2,6,3
8,2,CS,With_Deviant,No_Concurrent_Articulation,0,2,0,0,0,3,8,6,2,7,4,1,5,3,8,6
8,3,CS,With_Deviant,No_Concurrent_Articulation,5,1,7,0,0,6,2,8,5,3,7,1,4,6,2,8
8,4,CS,With_Deviant,No_Concurrent_Articulation,0,0,0,0,0,0,4,7,6,2,8,3,5,1,4,7
8,5,CS,With_Deviant,No_Concurrent_Articulation,4,7,6,2,0,0,0,0,4,7,2,5,3,6,8,1
8,6,CS,With_Deviant,No_Concurrent_Articulation,0,0,0,0,2,8,1,6,5,3,7,4,2,8,1,6
8,1,CS,No_Deviant,With_Concurrent_Articulation,3,2,7,5,0,0,0,8,2,7,3,5,1,6,4,8
8,2,CS,No_Deviant,With_Concurrent_Articulation,8,7,5,1,0,0,0,0,7,5,3,6,1,8,4,2
8,3,CS,No_Deviant,With_Concurrent_Articulation,8,0,0,0,1,5,4,7,2,6,4,8,1,5,3,7
8,4,CS,No_Deviant,With_Concurrent_Articulation,8,3,7,5,4,0,0,2,3,5,8,6,1,4,7,2
8,5,CS,No_Deviant,With_Concurrent_Articulation,8,3,4,0,0,0,7,2,3,8,4,6,1,5,2,7
8,6,CS,No_Deviant,With_Concurrent_Articulation,2,0,0,0,0,0,7,1,3,5,8,2,6,4,7,1
8,1,CS,With_Deviant,With_Concurrent_Articulation,5,3,8,1,0,0,0,0,5,3,8,1,7,4,2,6
8,2,CS,With_Deviant,With_Concurrent_Articulation,0,0,0,0,0,7,3,5,8,6,1,4,2,7,3,5
8,3,CS,With_Deviant,With_Concurrent_Articulation,5,7,1,0,0,0,0,0,5,2,7,3,8,4,1,6
8,4,CS,With_Deviant,With_Concurrent_Articulation,8,5,4,0,0,0,0,0,8,3,6,4,7,2,5,1
8,5,CS,With_Deviant,With_Concurrent_Articulation,2,5,1,6,0,0,8,2,2,5,1,7,4,6,3,8
8,6,CS,With_Deviant,With_Concurrent_Articulation,0,0,0,5,0,7,1,3,4,8,1,5,2,6,3,7
9,1,CS,No_Deviant,No_Concurrent_Articulation,6,2,5,1,7,3,4,8,6,2,5,1,4,7,3,8
9,2,CS,No_Deviant,No_Concurrent_Articulation,5,1,7,4,2,6,1,3,5,1,7,4,2,8,6,3
9,3,CS,No_Deviant,No_Concurrent_Articulation,4,2,8,6,3,7,4,1,4,2,8,6,3,7,5,1
9,4,CS,No_Deviant,No_Concurrent_Articulation,4,6,2,7,3,8,4,1,4,6,3,7,2,8,5,1
9,5,CS,No_Deviant,No_Concurrent_Articulation,2,3,6,7,1,8,4,2,6,8,4,7,1,3,5,2
9,6,CS,No_Deviant,No_Concurrent_Articulation,4,7,2,6,8,3,4,1,4,7,2,6,8,3,5,1
9,1,CS,With_Deviant,No_Concurrent_Articulation,5,8,1,4,7,6,2,3,5,8,1,4,7,2,6,3
9,2,CS,With_Deviant,No_Concurrent_Articulation,0,0,0,0,0,0,0,0,2,7,4,1,5,3,8,6
9,3,CS,With_Deviant,No_Concurrent_Articulation,5,3,7,1,2,4,8,6,5,3,7,1,4,6,2,8
9,4,CS,With_Deviant,No_Concurrent_Articulation,6,2,8,3,5,6,1,7,6,2,8,3,5,1,4,7
9,5,CS,With_Deviant,No_Concurrent_Articulation,4,7,2,5,3,6,2,1,4,7,2,5,3,6,8,1
9,6,CS,With_Deviant,No_Concurrent_Articulation,5,8,7,4,2,3,1,6,5,3,7,4,2,8,1,6
9,1,CS,No_Deviant,With_Concurrent_Articulation,2,7,4,1,8,2,0,0,2,7,3,5,1,6,4,8
9,2,CS,No_Deviant,With_Concurrent_Articulation,7,3,6,1,5,4,0,0,7,5,3,6,1,8,4,2
9,3,CS,No_Deviant,With_Concurrent_Articulation,2,3,6,1,7,4,8,0,2,6,4,8,1,5,3,7
9,4,CS,No_Deviant,With_Concurrent_Articulation,3,5,8,7,1,0,0,0,3,5,8,6,1,4,7,2
9,5,CS,No_Deviant,With_Concurrent_Articulation,3,8,1,6,4,5,0,0,3,8,4,6,1,5,2,7
9,6,CS,No_Deviant,With_Concurrent_Articulation,6,1,7,5,2,0,0,0,3,5,8,2,6,4,7,1
9,1,CS,With_Deviant,With_Concurrent_Articulation,5,3,1,4,7,0,0,0,5,3,8,1,7,4,2,6
9,2,CS,With_Deviant,With_Concurrent_Articulation,0,0,0,0,0,0,0,0,8,6,1,4,2,7,3,5
9,3,CS,With_Deviant,With_Concurrent_Articulation,5,2,7,1,6,4,0,0,5,2,7,3,8,4,1,6
9,4,CS,With_Deviant,With_Concurrent_Articulation,8,6,7,1,4,5,0,0,8,3,6,4,7,2,5,1
9,5,CS,With_Deviant,With_Concurrent_Articulation,2,6,1,4,5,0,0,0,2,5,1,7,4,6,3,8
9,6,CS,With_Deviant,With_Concurrent_Articulation,4,8,7,1,6,3,2,0,4,8,1,5,2,6,3,7
10,1,CS,No_Deviant,No_Concurrent_Articulation,6,2,5,4,1,7,3,8,6,2,5,1,4,7,3,8
10,2,CS,No_Deviant,No_Concurrent_Articulation,5,2,7,8,4,1,0,6,5,1,7,4,2,8,6,3
10,3,CS,No_Deviant,No_Concurrent_Articulation,4,2,8,6,3,7,5,1,4,2,8,6,3,7,5,1
10,4,CS,No_Deviant,No_Concurrent_Articulation,4,6,2,3,7,8,5,1,4,6,3,7,2,8,5,1
10,5,CS,No_Deviant,No_Concurrent_Articulation,6,8,4,7,0,3,5,2,6,8,4,7,1,3,5,2
10,6,CS,No_Deviant,No_Concurrent_Articulation,4,7,2,6,8,3,5,1,4,7,2,6,8,3,5,1
10,1,CS,With_Deviant,No_Concurrent_Articulation,5,8,1,4,7,6,2,3,5,8,1,4,7,2,6,3
10,2,CS,With_Deviant,No_Concurrent_Articulation,3,2,7,0,0,1,8,6,2,7,4,1,5,3,8,6
10,3,CS,With_Deviant,No_Concurrent_Articulation,5,3,4,7,1,6,2,8,5,3,7,1,4,6,2,8
10,4,CS,With_Deviant,No_Concurrent_Articulation,6,2,3,8,5,4,1,7,6,2,8,3,5,1,4,7
10,5,CS,With_Deviant,No_Concurrent_Articulation,4,7,3,6,2,5,8,1,4,7,2,5,3,6,8,1
10,6,CS,With_Deviant,No_Concurrent_Articulation,5,3,7,4,2,8,1,6,5,3,7,4,2,8,1,6
10,1,CS,No_Deviant,With_Concurrent_Articulation,2,8,6,4,0,1,7,5,2,8,3,6,4,1,5,7
10,2,CS,No_Deviant,With_Concurrent_Articulation,2,4,8,1,7,0,5,6,2,4,8,5,3,6,1,7
10,3,CS,No_Deviant,With_Concurrent_Articulation,7,2,1,3,0,0,6,4,7,2,5,8,3,1,6,4
10,4,CS,No_Deviant,With_Concurrent_Articulation,2,6,4,0,7,0,1,8,2,6,4,7,3,5,1,8
10,5,CS,No_Deviant,With_Concurrent_Articulation,3,6,1,7,0,0,0,4,3,5,8,6,1,7,2,4
10,6,CS,No_Deviant,With_Concurrent_Articulation,4,2,7,1,0,0,6,5,4,2,5,3,6,8,1,7
10,1,CS,With_Deviant,With_Concurrent_Articulation,6,4,3,1,7,5,0,3,6,4,8,5,2,7,3,1
10,2,CS,With_Deviant,With_Concurrent_Articulation,6,3,4,1,2,8,0,7,6,3,1,4,2,7,5,8
10,3,CS,With_Deviant,With_Concurrent_Articulation,0,4,2,8,1,0,0,0,6,4,8,1,5,3,7,2
10,4,CS,With_Deviant,With_Concurrent_Articulation,0,0,0,0,0,2,4,1,7,5,8,3,6,2,4,1
10,5,CS,With_Deviant,With_Concurrent_Articulation,4,2,7,0,0,8,5,1,4,2,7,3,6,8,5,1
10,6,CS,With_Deviant,With_Concurrent_Articulation,3,7,1,4,0,0,0,6,8,3,7,5,1,4,2,6
11,1,CS,No_Deviant,No_Concurrent_Articulation,0,0,0,0,4,1,5,7,2,8,3,6,4,1,5,7
11,2,CS,No_Deviant,No_Concurrent_Articulation,2,4,8,5,0,0,1,7,2,4,8,5,3,6,1,7
11,3,CS,No_Deviant,No_Concurrent_Articulation,7,2,5,8,3,1,6,4,7,2,5,8,3,1,6,4
11,4,CS,No_Deviant,No_Concurrent_Articulation,2,6,4,7,5,1,2,8,2,6,4,7,3,5,1,8
11,5,CS,No_Deviant,No_Concurrent_Articulation,3,5,8,6,1,7,2,4,3,5,8,6,1,7,2,4
11,6,CS,No_Deviant,No_Concurrent_Articulation,4,2,5,3,6,8,1,7,4,2,5,3,6,8,1,7
11,1,CS,With_Deviant,No_Concurrent_Articulation,0,4,8,5,2,6,8,1,6,4,8,5,2,7,3,1
11,2,CS,With_Deviant,No_Concurrent_Articulation,2,4,0,0,0,0,5,8,6,3,1,4,2,7,5,8
11,3,CS,With_Deviant,No_Concurrent_Articulation,6,4,8,1,0,0,0,0,6,4,8,1,5,3,7,2
11,4,CS,With_Deviant,No_Concurrent_Articulation,0,5,8,3,6,2,4,1,7,5,8,3,6,2,4,1
11,5,CS,With_Deviant,No_Concurrent_Articulation,4,2,7,3,6,8,5,1,4,2,7,3,6,8,5,1
11,6,CS,With_Deviant,No_Concurrent_Articulation,8,3,7,5,1,4,8,7,8,3,7,5,1,4,2,6
11,1,CS,No_Deviant,With_Concurrent_Articulation,6,2,0,0,0,0,0,0,6,2,5,1,4,7,3,8
11,2,CS,No_Deviant,With_Concurrent_Articulation,5,1,7,0,0,0,0,0,5,1,7,4,2,8,6,3
11,3,CS,No_Deviant,With_Concurrent_Articulation,4,2,6,8,0,0,0,0,4,2,8,6,3,7,5,1
11,4,CS,No_Deviant,With_Concurrent_Articulation,4,6,0,0,0,0,0,0,4,6,3,7,2,8,5,1
11,5,CS,No_Deviant,With_Concurrent_Articulation,6,8,0,0,0,0,0,0,6,8,4,7,1,3,5,2
11,6,CS,No_Deviant,With_Concurrent_Articulation,5,8,0,0,0,0,0,1,4,7,2,6,8,3,5,1
11,1,CS,With_Deviant,With_Concurrent_Articulation,5,8,1,0,0,0,0,0,5,8,1,4,7,2,6,3
11,2,CS,With_Deviant,With_Concurrent_Articulation,2,7,0,0,0,0,0,0,2,7,4,1,5,3,8,6
11,3,CS,With_Deviant,With_Concurrent_Articulation,5,7,1,0,0,0,0,0,5,3,7,1,4,6,2,8
11,4,CS,With_Deviant,With_Concurrent_Articulation,6,2,8,3,0,0,0,0,6,2,8,3,5,1,4,7
11,5,CS,With_Deviant,With_Concurrent_Articulation,7,4,2,1,0,0,0,0,4,7,2,5,3,6,8,1
11,6,CS,With_Deviant,With_Concurrent_Articulation,5,3,7,0,0,0,0,6,5,3,7,4,2,8,1,6
12,1,CS,No_Deviant,No_Concurrent_Articulation,2,8,3,6,4,1,5,7,2,8,3,6,4,1,5,7
12,2,CS,No_Deviant,No_Concurrent_Articulation,2,4,8,5,3,6,1,7,2,4,8,5,3,6,1,7
12,3,CS,No_Deviant,No_Concurrent_Articulation,7,2,5,8,3,1,6,4,7,2,5,8,3,1,6,4
12,4,CS,No_Deviant,No_Concurrent_Articulation,2,6,4,7,3,5,1,8,2,6,4,7,3,5,1,8
12,5,CS,No_Deviant,No_Concurrent_Articulation,3,5,8,6,1,7,2,4,3,5,8,6,1,7,2,4
12,6,CS,No_Deviant,No_Concurrent_Articulation,4,2,5,3,6,8,1,7,4,2,5,3,6,8,1,7
12,1,CS,With_Deviant,No_Concurrent_Articulation,6,4,8,2,5,3,7,1,6,4,8,5,2,7,3,1
12,2,CS,With_Deviant,No_Concurrent_Articulation,6,3,1,4,2,7,5,8,6,3,1,4,2,7,5,8
12,3,CS,With_Deviant,No_Concurrent_Articulation,6,4,8,1,5,3,7,2,6,4,8,1,5,3,7,2
12,4,CS,With_Deviant,No_Concurrent_Articulation,7,5,8,3,6,2,1,4,7,5,8,3,6,2,4,1
12,5,CS,With_Deviant,No_Concurrent_Articulation,4,2,7,3,6,8,5,1,4,2,7,3,6,8,5,1
12,6,CS,With_Deviant,No_Concurrent_Articulation,8,3,7,5,1,4,2,6,8,3,7,5,1,4,2,6
12,1,CS,No_Deviant,With_Concurrent_Articulation,6,2,5,1,4,7,8,3,6,2,5,1,4,7,3,8
12,2,CS,No_Deviant,With_Concurrent_Articulation,5,1,4,7,2,8,6,3,5,1,7,4,2,8,6,3
12,3,CS,No_Deviant,With_Concurrent_Articulation,4,2,8,6,7,3,1,5,4,2,8,6,3,7,5,1
12,4,CS,No_Deviant,With_Concurrent_Articulation,4,6,3,7,2,8,1,5,4,6,3,7,2,8,5,1
12,5,CS,No_Deviant,With_Concurrent_Articulation,6,8,4,7,1,3,2,5,6,8,4,7,1,3,5,2
12,6,CS,No_Deviant,With_Concurrent_Articulation,4,7,2,6,8,1,5,3,4,7,2,6,8,3,5,1
12,1,CS,With_Deviant,With_Concurrent_Articulation,5,1,8,4,2,6,7,3,5,8,1,4,7,2,6,3
12,2,CS,With_Deviant,With_Concurrent_Articulation,2,7,4,1,5,6,8,3,2,7,4,1,5,3,8,6
12,3,CS,With_Deviant,With_Concurrent_Articulation,5,3,7,1,4,6,8,2,5,3,7,1,4,6,2,8
12,4,CS,With_Deviant,With_Concurrent_Articulation,6,2,8,5,3,1,4,7,6,2,8,3,5,1,4,7
12,5,CS,With_Deviant,With_Concurrent_Articulation,4,7,2,5,3,6,8,1,4,7,2,5,3,6,8,1
12,6,CS,With_Deviant,With_Concurrent_Articulation,5,3,7,4,2,8,1,6,5,3,7,4,2,8,1,6
13,1,CS,No_Deviant,No_Concurrent_Articulation,2,8,3,6,4,1,5,7,2,8,3,6,4,1,5,7
13,2,CS,No_Deviant,No_Concurrent_Articulation,2,4,8,5,3,6,1,7,2,4,8,5,3,6,1,7
13,3,CS,No_Deviant,No_Concurrent_Articulation,7,2,5,8,3,1,6,4,7,2,5,8,3,1,6,4
13,4,CS,No_Deviant,No_Concurrent_Articulation,2,6,4,7,5,3,1,8,2,6,4,7,3,5,1,8
13,5,CS,No_Deviant,No_Concurrent_Articulation,3,5,8,6,1,2,7,4,3,5,8,6,1,7,2,4
13,6,CS,No_Deviant,No_Concurrent_Articulation,4,2,5,3,6,8,1,7,4,2,5,3,6,8,1,7
13,1,CS,With_Deviant,No_Concurrent_Articulation,6,4,8,5,2,7,3,1,6,4,8,5,2,7,3,1
13,2,CS,With_Deviant,No_Concurrent_Articulation,6,3,1,4,2,7,5,8,6,3,1,4,2,7,5,8
13,3,CS,With_Deviant,No_Concurrent_Articulation,6,4,8,1,5,3,7,2,6,4,8,1,5,3,7,2
13,4,CS,With_Deviant,No_Concurrent_Articulation,7,5,8,3,6,2,4,1,7,5,8,3,6,2,4,1
13,5,CS,With_Deviant,No_Concurrent_Articulation,4,2,7,3,6,5,8,1,4,2,7,3,6,8,5,1
13,6,CS,With_Deviant,No_Concurrent_Articulation,8,3,7,5,1,4,2,6,8,3,7,5,1,4,2,6
13,1,CS,No_Deviant,With_Concurrent_Articulation,6,2,5,1,0,0,3,8,6,2,5,1,4,7,3,8
13,2,CS,No_Deviant,With_Concurrent_Articulation,5,2,7,1,4,0,0,0,5,1,7,4,2,8,6,3
13,3,CS,No_Deviant,With_Concurrent_Articulation,4,2,8,6,0,0,0,0,4,2,8,6,3,7,5,1
13,4,CS,No_Deviant,With_Concurrent_Articulation,4,6,0,0,0,0,1,5,4,6,3,7,2,8,5,1
13,5,CS,No_Deviant,With_Concurrent_Articulation,6,8,4,0,0,0,0,2,6,8,4,7,1,3,5,2
13,6,CS,No_Deviant,With_Concurrent_Articulation,4,7,6,2,0,0,0,0,4,7,2,6,8,3,5,1
13,1,CS,With_Deviant,With_Concurrent_Articulation,5,8,7,1,4,0,6,3,5,8,1,4,7,2,6,3
13,2,CS,With_Deviant,With_Concurrent_Articulation,2,7,4,1,0,0,0,8,2,7,4,1,5,3,8,6
13,3,CS,With_Deviant,With_Concurrent_Articulation,5,3,7,1,0,0,0,8,5,3,7,1,4,6,2,8
13,4,CS,With_Deviant,With_Concurrent_Articulation,6,2,8,1,0,0,0,7,6,2,8,3,5,1,4,7
13,5,CS,With_Deviant,With_Concurrent_Articulation,4,7,2,5,0,0,0,1,4,7,2,5,3,6,8,1
13,6,CS,With_Deviant,With_Concurrent_Articulation,5,3,7,4,0,0,6,1,5,3,7,4,2,8,1,6
14,1,CS,No_Deviant,No_Concurrent_Articulation,2,8,5,6,1,0,0,0,2,8,3,6,4,1,5,7
14,2,CS,No_Deviant,No_Concurrent_Articulation,2,4,5,8,0,0,0,0,2,4,8,5,3,6,1,7
14,3,CS,No_Deviant,No_Concurrent_Articulation,7,2,5,8,3,0,0,4,7,2,5,8,3,1,6,4
14,4,CS,No_Deviant,No_Concurrent_Articulation,2,6,4,5,7,3,8,1,2,6,4,7,3,5,1,8
14,5,CS,No_Deviant,No_Concurrent_Articulation,3,5,6,8,1,7,0,0,3,5,8,6,1,7,2,4
14,6,CS,No_Deviant,No_Concurrent_Articulation,4,2,5,3,0,0,0,0,4,2,5,3,6,8,1,7
14,1,CS,With_Deviant,No_Concurrent_Articulation,6,4,5,7,8,0,0,0,6,4,8,5,2,7,3,1
14,2,CS,With_Deviant,No_Concurrent_Articulation,6,3,1,5,0,0,0,2,6,3,1,4,2,7,5,8
14,3,CS,With_Deviant,No_Concurrent_Articulation,6,4,5,3,8,0,0,1,6,4,8,1,5,3,7,2
14,4,CS,With_Deviant,No_Concurrent_Articulation,2,7,5,3,0,0,0,0,7,5,8,3,6,2,4,1
14,5,CS,With_Deviant,No_Concurrent_Articulation,4,2,7,3,6,8,5,1,4,2,7,3,6,8,5,1
14,6,CS,With_Deviant,No_Concurrent_Articulation,8,3,5,7,2,1,4,6,8,3,7,5,1,4,2,6
14,1,CS,No_Deviant,With_Concurrent_Articulation,6,2,0,0,0,0,0,8,6,2,5,1,4,7,3,8
14,2,CS,No_Deviant,With_Concurrent_Articulation,5,1,7,0,0,0,0,3,5,1,7,4,2,8,6,3
14,3,CS,No_Deviant,With_Concurrent_Articulation,0,0,0,0,0,0,0,1,4,2,8,6,3,7,5,1
14,4,CS,No_Deviant,With_Concurrent_Articulation,4,6,0,0,0,0,0,0,4,6,3,7,2,8,5,1
14,5,CS,No_Deviant,With_Concurrent_Articulation,0,0,0,0,0,0,0,2,6,8,4,7,1,3,5,2
14,6,CS,No_Deviant,With_Concurrent_Articulation,4,7,0,0,0,0,0,1,4,7,2,6,8,3,5,1
14,1,CS,With_Deviant,With_Concurrent_Articulation,5,8,0,0,0,0,0,3,5,8,1,4,7,2,6,3
14,2,CS,With_Deviant,With_Concurrent_Articulation,2,7,1,4,0,0,0,0,2,7,4,1,5,3,8,6
14,3,CS,With_Deviant,With_Concurrent_Articulation,5,3,7,1,0,0,0,0,5,3,7,1,4,6,2,8
14,4,CS,With_Deviant,With_Concurrent_Articulation,0,0,0,0,0,0,0,7,6,2,8,3,5,1,4,7
14,5,CS,With_Deviant,With_Concurrent_Articulation,4,7,2,0,0,0,0,1,4,7,2,5,3,6,8,1
14,6,CS,With_Deviant,With_Concurrent_Articulation,5,3,7,1,4,0,0,0,5,3,7,4,2,8,1,6
15,1,CS,No_Deviant,No_Concurrent_Articulation,6,2,5,1,4,7,3,8,6,2,5,1,4,7,3,8
15,2,CS,No_Deviant,No_Concurrent_Articulation,5,1,7,4,2,8,6,3,5,1,7,4,2,8,6,3
15,3,CS,No_Deviant,No_Concurrent_Articulation,4,2,8,6,3,7,5,1,4,2,8,6,3,7,5,1
15,4,CS,No_Deviant,No_Concurrent_Articulation,4,6,3,7,2,8,5,1,4,6,3,7,2,8,5,1
15,5,CS,No_Deviant,No_Concurrent_Articulation,6,8,4,7,1,3,5,2,6,8,4,7,1,3,5,2
15,6,CS,No_Deviant,No_Concurrent_Articulation,4,7,2,6,8,3,5,1,4,7,2,6,8,3,5,1
15,1,CS,With_Deviant,No_Concurrent_Articulation,5,8,1,4,7,2,6,3,5,8,1,4,7,2,6,3
15,2,CS,With_Deviant,No_Concurrent_Articulation,2,7,4,1,5,3,8,6,2,7,4,1,5,3,8,6
15,3,CS,With_Deviant,No_Concurrent_Articulation,5,3,7,1,4,6,2,8,5,3,7,1,4,6,2,8
15,4,CS,With_Deviant,No_Concurrent_Articulation,6,2,8,3,5,1,4,7,6,2,8,3,5,1,4,7
15,5,CS,With_Deviant,No_Concurrent_Articulation,4,7,2,5,3,6,8,1,4,7,2,5,3,6,8,1
15,6,CS,With_Deviant,No_Concurrent_Articulation,5,3,7,4,2,8,1,6,5,3,7,4,2,8,1,6
15,1,CS,No_Deviant,With_Concurrent_Articulation,0,0,0,0,1,6,5,8,6,2,5,1,4,7,3,8
15,2,CS,No_Deviant,With_Concurrent_Articulation,0,0,3,6,1,8,3,5,5,1,7,4,2,8,6,3
15,3,CS,No_Deviant,With_Concurrent_Articulation,2,4,6,8,1,5,3,7,4,2,8,6,3,7,5,1
15,4,CS,No_Deviant,With_Concurrent_Articulation,3,5,8,6,1,7,4,2,4,6,3,7,2,8,5,1
15,5,CS,No_Deviant,With_Concurrent_Articulation,3,6,0,0,0,5,2,7,6,8,4,7,1,3,5,2
15,6,CS,No_Deviant,With_Concurrent_Articulation,5,3,8,2,6,4,7,1,4,7,2,6,8,3,5,1
15,1,CS,With_Deviant,With_Concurrent_Articulation,5,3,8,1,7,4,2,6,5,8,1,4,7,2,6,3
15,2,CS,With_Deviant,With_Concurrent_Articulation,8,0,0,0,1,7,3,5,2,7,4,1,5,3,8,6
15,3,CS,With_Deviant,With_Concurrent_Articulation,5,2,0,0,0,4,1,6,5,3,7,1,4,6,2,8
15,4,CS,With_Deviant,With_Concurrent_Articulation,8,3,6,4,7,2,1,5,6,2,8,3,5,1,4,7
15,5,CS,With_Deviant,With_Concurrent_Articulation,2,5,1,7,4,6,3,8,4,7,2,5,3,6,8,1
15,6,CS,With_Deviant,With_Concurrent_Articulation,4,8,0,0,0,0,3,7,5,3,7,4,2,8,1,6
16,1,CS,No_Deviant,No_Concurrent_Articulation,6,2,5,7,4,6,2,8,6,2,5,1,4,7,3,8
16,2,CS,No_Deviant,No_Concurrent_Articulation,5,2,7,1,4,2,6,3,5,1,7,4,2,8,6,3
16,3,CS,No_Deviant,No_Concurrent_Articulation,4,2,3,6,8,2,4,1,4,2,8,6,3,7,5,1
16,4,CS,No_Deviant,No_Concurrent_Articulation,4,6,3,7,2,8,5,1,4,6,3,7,2,8,5,1
16,5,CS,No_Deviant,No_Concurrent_Articulation,6,2,4,7,1,3,5,2,6,8,4,7,1,3,5,2
16,6,CS,No_Deviant,No_Concurrent_Articulation,4,7,2,6,8,3,5,1,4,7,2,6,8,3,5,1
16,1,CS,With_Deviant,No_Concurrent_Articulation,5,7,1,4,6,2,6,3,5,8,1,4,7,2,6,3
16,2,CS,With_Deviant,No_Concurrent_Articulation,2,7,4,1,6,3,2,6,2,7,4,1,5,3,8,6
16,3,CS,With_Deviant,No_Concurrent_Articulation,4,3,6,2,7,1,4,8,5,3,7,1,4,6,2,8
16,4,CS,With_Deviant,No_Concurrent_Articulation,6,2,4,3,8,2,5,1,6,2,8,3,5,1,4,7
16,5,CS,With_Deviant,No_Concurrent_Articulation,4,7,2,5,3,6,8,1,4,7,2,5,3,6,8,1
16,6,CS,With_Deviant,No_Concurrent_Articulation,5,3,7,4,2,8,1,6,5,3,7,4,2,8,1,6
16,1,CS,No_Deviant,With_Concurrent_Articulation,2,8,3,6,1,6,5,2,2,8,3,6,4,1,5,7
16,2,CS,No_Deviant,With_Concurrent_Articulation,2,4,8,5,0,0,1,7,2,4,8,5,3,6,1,7
16,3,CS,No_Deviant,With_Concurrent_Articulation,7,2,5,3,0,0,6,4,7,2,5,8,3,1,6,4
16,4,CS,No_Deviant,With_Concurrent_Articulation,2,6,4,7,0,0,1,8,2,6,4,7,3,5,1,8
16,5,CS,No_Deviant,With_Concurrent_Articulation,3,5,8,6,0,0,2,5,3,5,8,6,1,7,2,4
16,6,CS,No_Deviant,With_Concurrent_Articulation,4,2,5,3,0,0,1,7,4,2,5,3,6,8,1,7
16,1,CS,With_Deviant,With_Concurrent_Articulation,6,4,8,5,0,0,0,0,6,4,8,5,2,7,3,1
16,2,CS,With_Deviant,With_Concurrent_Articulation,6,3,1,4,0,0,5,2,6,3,1,4,2,7,5,8
16,3,CS,With_Deviant,With_Concurrent_Articulation,1,6,4,0,0,0,0,0,6,4,8,1,5,3,7,2
16,4,CS,With_Deviant,With_Concurrent_Articulation,7,5,8,3,0,0,4,1,7,5,8,3,6,2,4,1
16,5,CS,With_Deviant,With_Concurrent_Articulation,4,2,7,3,0,0,0,1,4,2,7,3,6,8,5,1
16,6,CS,With_Deviant,With_Concurrent_Articulation,8,3,7,5,0,0,0,6,8,3,7,5,1,4,2,6
17,1,CS,No_Deviant,No_Concurrent_Articulation,6,2,5,1,4,7,3,8,6,2,5,1,4,7,3,8
17,2,CS,No_Deviant,No_Concurrent_Articulation,5,1,7,4,2,8,6,0,5,1,7,4,2,8,6,3
17,3,CS,No_Deviant,No_Concurrent_Articulation,4,2,8,6,3,7,5,0,4,2,8,6,3,7,5,1
17,4,CS,No_Deviant,No_Concurrent_Articulation,4,6,3,7,2,8,5,1,4,6,3,7,2,8,5,1
17,5,CS,No_Deviant,No_Concurrent_Articulation,6,8,4,7,1,3,5,2,6,8,4,7,1,3,5,2
17,6,CS,No_Deviant,No_Concurrent_Articulation,4,7,2,6,8,3,5,1,4,7,2,6,8,3,5,1
17,1,CS,With_Deviant,No_Concurrent_Articulation,5,8,1,4,7,2,6,0,5,8,1,4,7,2,6,3
17,2,CS,With_Deviant,No_Concurrent_Articulation,2,7,4,1,5,3,8,6,2,7,4,1,5,3,8,6
17,3,CS,With_Deviant,No_Concurrent_Articulation,5,3,7,1,4,6,2,8,5,3,7,1,4,6,2,8
17,4,CS,With_Deviant,No_Concurrent_Articulation,6,2,8,3,5,1,4,7,6,2,8,3,5,1,4,7
17,5,CS,With_Deviant,No_Concurrent_Articulation,4,7,2,5,3,6,8,1,4,7,2,5,3,6,8,1
17,6,CS,With_Deviant,No_Concurrent_Articulation,5,3,7,4,2,8,6,1,5,3,7,4,2,8,1,6
17,1,CS,No_Deviant,With_Concurrent_Articulation,0,0,0,6,4,1,0,7,2,8,3,6,4,1,5,7
17,2,CS,No_Deviant,With_Concurrent_Articulation,2,8,4,5,0,0,0,3,2,4,8,5,3,6,1,7
17,3,CS,No_Deviant,With_Concurrent_Articulation,0,0,0,8,3,1,6,4,7,2,5,8,3,1,6,4
17,4,CS,No_Deviant,With_Concurrent_Articulation,7,6,4,0,0,0,1,3,2,6,4,7,3,5,1,8
17,5,CS,No_Deviant,With_Concurrent_Articulation,0,0,0,6,1,7,2,4,3,5,8,6,1,7,2,4
17,6,CS,No_Deviant,With_Concurrent_Articulation,4,2,5,0,0,0,1,7,4,2,5,3,6,8,1,7
17,1,CS,With_Deviant,With_Concurrent_Articulation,0,4,8,0,0,0,0,0,6,4,8,5,2,7,3,1
17,2,CS,With_Deviant,With_Concurrent_Articulation,0,0,0,0,0,0,5,8,6,3,1,4,2,7,5,8
17,3,CS,With_Deviant,With_Concurrent_Articulation,6,0,0,1,5,3,7,2,6,4,8,1,5,3,7,2
17,4,CS,With_Deviant,With_Concurrent_Articulation,7,5,2,3,6,8,4,1,7,5,8,3,6,2,4,1
17,5,CS,With_Deviant,With_Concurrent_Articulation,3,2,7,0,0,0,5,1,4,2,7,3,6,8,5,1
17,6,CS,With_Deviant,With_Concurrent_Articulation,8,3,0,0,0,0,0,0,8,3,7,5,1,4,2,6
18,1,CS,No_Deviant,No_Concurrent_Articulation,6,2,4,7,3,1,5,8,6,2,5,1,4,7,3,8
18,2,CS,No_Deviant,No_Concurrent_Articulation,5,1,7,4,0,6,0,8,5,1,7,4,2,8,6,3
18,3,CS,No_Deviant,No_Concurrent_Articulation,4,2,8,6,3,7,5,1,4,2,8,6,3,7,5,1
18,4,CS,No_Deviant,No_Concurrent_Articulation,4,3,6,7,2,0,0,0,4,6,3,7,2,8,5,1
18,5,CS,No_Deviant,No_Concurrent_Articulation,6,8,4,1,7,3,5,2,6,8,4,7,1,3,5,2
18,6,CS,No_Deviant,No_Concurrent_Articulation,4,7,2,6,8,3,0,0,4,7,2,6,8,3,5,1
18,1,CS,With_Deviant,No_Concurrent_Articulation,0,8,1,4,7,2,0,3,5,8,1,4,7,2,6,3
18,2,CS,With_Deviant,No_Concurrent_Articulation,0,0,0,0,5,1,8,3,2,7,4,1,5,3,8,6
18,3,CS,With_Deviant,No_Concurrent_Articulation,5,3,7,1,4,6,2,8,5,3,7,1,4,6,2,8
18,4,CS,With_Deviant,No_Concurrent_Articulation,6,2,8,3,5,0,0,7,6,2,8,3,5,1,4,7
18,5,CS,With_Deviant,No_Concurrent_Articulation,4,7,2,5,0,0,8,1,4,7,2,5,3,6,8,1
18,6,CS,With_Deviant,No_Concurrent_Articulation,5,3,7,4,2,0,6,0,5,3,7,4,2,8,1,6
18,1,CS,No_Deviant,With_Concurrent_Articulation,2,6,0,8,4,0,7,5,2,8,3,6,4,1,5,7
18,2,CS,No_Deviant,With_Concurrent_Articulation,2,4,8,5,3,6,1,7,2,4,8,5,3,6,1,7
18,3,CS,No_Deviant,With_Concurrent_Articulation,7,3,4,5,2,0,8,0,7,2,5,8,3,1,6,4
18,4,CS,No_Deviant,With_Concurrent_Articulation,2,6,4,7,0,0,0,8,2,6,4,7,3,5,1,8
18,5,CS,No_Deviant,With_Concurrent_Articulation,0,0,0,6,1,4,7,2,3,5,8,6,1,7,2,4
18,6,CS,No_Deviant,With_Concurrent_Articulation,4,2,5,3,0,0,0,7,4,2,5,3,6,8,1,7
18,1,CS,With_Deviant,With_Concurrent_Articulation,6,2,8,0,0,0,3,1,6,4,8,5,2,7,3,1
18,2,CS,With_Deviant,With_Concurrent_Articulation,6,3,1,2,0,0,0,5,6,3,1,4,2,7,5,8
18,3,CS,With_Deviant,With_Concurrent_Articulation,6,2,8,0,0,0,0,3,6,4,8,1,5,3,7,2
18,4,CS,With_Deviant,With_Concurrent_Articulation,7,0,0,0,0,8,6,1,7,5,8,3,6,2,4,1
18,5,CS,With_Deviant,With_Concurrent_Articulation,4,2,0,0,6,8,0,1,4,2,7,3,6,8,5,1
18,6,CS,With_Deviant,With_Concurrent_Articulation,8,0,0,0,0,4,2,6,8,3,7,5,1,4,2,6
19,1,CS,No_Deviant,No_Concurrent_Articulation,2,8,3,6,4,1,5,7,2,8,3,6,4,1,5,7
19,2,CS,No_Deviant,No_Concurrent_Articulation,2,4,5,8,3,6,1,7,2,4,8,5,3,6,1,7
19,3,CS,No_Deviant,No_Concurrent_Articulation,7,2,5,8,3,1,6,4,7,2,5,8,3,1,6,4
19,4,CS,No_Deviant,No_Concurrent_Articulation,2,6,4,7,3,5,1,8,2,6,4,7,3,5,1,8
19,5,CS,No_Deviant,No_Concurrent_Articulation,3,5,8,6,1,7,2,4,3,5,8,6,1,7,2,4
19,6,CS,No_Deviant,No_Concurrent_Articulation,4,2,5,3,6,1,8,7,4,2,5,3,6,8,1,7
19,1,CS,With_Deviant,No_Concurrent_Articulation,6,4,8,5,2,7,0,0,6,4,8,5,2,7,3,1
19,2,CS,With_Deviant,No_Concurrent_Articulation,6,4,1,3,7,2,5,8,6,3,1,4,2,7,5,8
19,3,CS,With_Deviant,No_Concurrent_Articulation,6,4,8,1,5,3,7,2,6,4,8,1,5,3,7,2
19,4,CS,With_Deviant,No_Concurrent_Articulation,7,5,8,3,1,4,2,6,7,5,8,3,6,2,4,1
19,5,CS,With_Deviant,No_Concurrent_Articulation,4,2,7,3,6,0,0,1,4,2,7,3,6,8,5,1
19,6,CS,With_Deviant,No_Concurrent_Articulation,8,3,5,7,1,4,2,1,8,3,7,5,1,4,2,6
19,1,CS,No_Deviant,With_Concurrent_Articulation,6,2,5,1,8,7,3,4,6,2,5,1,4,7,3,8
19,2,CS,No_Deviant,With_Concurrent_Articulation,5,1,7,4,0,0,0,3,5,1,7,4,2,8,6,3
19,3,CS,No_Deviant,With_Concurrent_Articulation,4,6,2,8,3,7,5,1,4,2,8,6,3,7,5,1
19,4,CS,No_Deviant,With_Concurrent_Articulation,4,6,3,7,2,8,5,1,4,6,3,7,2,8,5,1
19,5,CS,No_Deviant,With_Concurrent_Articulation,0,0,0,0,1,3,5,2,6,8,4,7,1,3,5,2
19,6,CS,No_Deviant,With_Concurrent_Articulation,4,7,6,2,0,0,0,1,4,7,2,6,8,3,5,1
19,1,CS,With_Deviant,With_Concurrent_Articulation,5,8,0,0,0,0,6,3,5,8,1,4,7,2,6,3
19,2,CS,With_Deviant,With_Concurrent_Articulation,2,7,4,1,0,5,0,6,2,7,4,1,5,3,8,6
19,3,CS,With_Deviant,With_Concurrent_Articulation,5,3,7,1,4,6,2,8,5,3,7,1,4,6,2,8
19,4,CS,With_Deviant,With_Concurrent_Articulation,6,2,8,0,0,0,0,7,6,2,8,3,5,1,4,7
19,5,CS,With_Deviant,With_Concurrent_Articulation,4,7,5,2,0,0,0,6,4,7,2,5,3,6,8,1
19,6,CS,With_Deviant,With_Concurrent_Articulation,5,3,7,4,0,0,0,6,5,3,7,4,2,8,1,6
20,1,CS,No_Deviant,No_Concurrent_Articulation,2,8,3,6,4,1,5,7,2,8,3,6,4,1,5,7
20,2,CS,No_Deviant,No_Concurrent_Articulation,2,4,8,5,6,3,7,1,2,4,8,5,3,6,1,7
20,3,CS,No_Deviant,No_Concurrent_Articulation,7,2,5,8,3,1,6,4,7,2,5,8,3,1,6,4
20,4,CS,No_Deviant,No_Concurrent_Articulation,2,6,4,7,3,5,8,1,2,6,4,7,3,5,1,8
20,5,CS,No_Deviant,No_Concurrent_Articulation,3,5,8,6,1,7,2,4,3,5,8,6,1,7,2,4
20,6,CS,No_Deviant,No_Concurrent_Articulation,4,2,5,6,3,8,1,7,4,2,5,3,6,8,1,7
20,1,CS,With_Deviant,No_Concurrent_Articulation,6,4,8,5,2,7,1,3,6,4,8,5,2,7,3,1
20,2,CS,With_Deviant,No_Concurrent_Articulation,6,3,1,4,2,7,8,5,6,3,1,4,2,7,5,8
20,3,CS,With_Deviant,No_Concurrent_Articulation,6,4,8,1,5,3,7,2,6,4,8,1,5,3,7,2
20,4,CS,With_Deviant,No_Concurrent_Articulation,7,5,8,3,6,2,4,1,7,5,8,3,6,2,4,1
20,5,CS,With_Deviant,No_Concurrent_Articulation,4,2,7,6,3,8,1,5,4,2,7,3,6,8,5,1
20,6,CS,With_Deviant,No_Concurrent_Articulation,8,3,7,5,1,4,2,6,8,3,7,5,1,4,2,6
20,1,CS,No_Deviant,With_Concurrent_Articulation,6,2,7,1,8,3,5,4,6,2,5,1,4,7,3,8
20,2,CS,No_Deviant,With_Concurrent_Articulation,0,6,1,7,2,4,8,5,5,1,7,4,2,8,6,3
20,3,CS,No_Deviant,With_Concurrent_Articulation,4,2,6,8,7,3,5,1,4,2,8,6,3,7,5,1
20,4,CS,No_Deviant,With_Concurrent_Articulation,4,6,2,3,8,7,5,1,4,6,3,7,2,8,5,1
20,5,CS,No_Deviant,With_Concurrent_Articulation,6,8,1,3,5,7,2,4,6,8,4,7,1,3,5,2
20,6,CS,No_Deviant,With_Concurrent_Articulation,4,7,2,6,8,3,5,1,4,7,2,6,8,3,5,1
20,1,CS,With_Deviant,With_Concurrent_Articulation,8,5,3,1,7,5,2,6,5,8,1,4,7,2,6,3
20,2,CS,With_Deviant,With_Concurrent_Articulation,4,7,3,2,5,8,3,4,2,7,4,1,5,3,8,6
20,3,CS,With_Deviant,With_Concurrent_Articulation,5,3,7,1,4,2,6,8,5,3,7,1,4,6,2,8
20,4,CS,With_Deviant,With_Concurrent_Articulation,7,2,6,5,3,8,4,1,6,2,8,3,5,1,4,7
20,5,CS,With_Deviant,With_Concurrent_Articulation,4,7,2,5,1,3,6,8,4,7,2,5,3,6,8,1
20,6,CS,With_Deviant,With_Concurrent_Articulation,5,3,2,7,6,1,4,8,5,3,7,4,2,8,1,6
21,1,SS,No_Deviant,No_Concurrent_Articulation,6,1,5,3,7,2,8,4,6,1,5,3,7,2,8,4
21,2,SS,No_Deviant,No_Concurrent_Articulation,4,6,2,8,5,7,1,3,4,6,2,8,5,7,1,3
21,3,SS,No_Deviant,No_Concurrent_Articulation,2,5,8,4,7,3,1,6,2,5,8,4,7,3,1,6
21,4,SS,No_Deviant,No_Concurrent_Articulation,7,5,8,3,1,6,4,2,7,8,5,3,1,6,4,2
21,5,SS,No_Deviant,No_Concurrent_Articulation,8,2,5,1,6,3,7,4,8,2,5,4,6,3,1,7
21,6,SS,No_Deviant,No_Concurrent_Articulation,8,5,2,7,3,1,4,6,8,5,2,7,3,1,4,6
21,1,SS,With_Deviant,No_Concurrent_Articulation,5,7,1,8,3,6,4,2,3,7,1,8,3,6,4,2
21,2,SS,With_Deviant,No_Concurrent_Articulation,8,2,5,7,1,3,6,4,8,2,5,7,1,3,6,4
21,3,SS,With_Deviant,No_Concurrent_Articulation,4,1,7,3,6,8,2,5,4,1,7,3,6,8,2,5
21,4,SS,With_Deviant,No_Concurrent_Articulation,6,4,2,7,3,8,1,5,7,4,2,7,3,8,1,5
21,5,SS,With_Deviant,No_Concurrent_Articulation,3,5,1,4,7,2,8,6,3,5,1,4,7,2,8,6
21,6,SS,With_Deviant,No_Concurrent_Articulation,4,8,1,3,6,2,5,7,4,8,1,3,6,2,5,0
21,1,CS,No_Deviant,No_Concurrent_Articulation,7,3,6,4,8,2,5,1,7,8,6,4,1,0,0,0
21,2,CS,No_Deviant,No_Concurrent_Articulation,2,4,7,3,8,6,1,5,2,4,7,3,8,6,1,8
21,3,CS,No_Deviant,No_Concurrent_Articulation,8,5,7,4,2,6,3,1,5,7,4,2,6,3,0,1
21,4,CS,No_Deviant,No_Concurrent_Articulation,2,5,1,6,8,3,7,4,2,5,1,3,8,3,4,7
21,5,CS,No_Deviant,No_Concurrent_Articulation,2,5,7,3,6,8,4,1,2,5,7,3,6,8,4,1
21,6,CS,No_Deviant,No_Concurrent_Articulation,4,7,2,6,1,5,8,3,4,7,2,6,1,5,3,8
21,1,CS,With_Deviant,No_Concurrent_Articulation,5,2,8,3,6,1,7,4,5,2,8,3,6,1,7,4
21,2,CS,With_Deviant,No_Concurrent_Articulation,7,3,5,1,6,4,8,2,7,3,5,1,2,4,8,6
21,3,CS,With_Deviant,No_Concurrent_Articulation,4,7,2,6,3,1,8,5,4,7,2,6,3,1,8,3
21,4,CS,With_Deviant,No_Concurrent_Articulation,6,4,2,5,3,7,1,8,6,4,2,5,3,7,1,8
21,5,CS,With_Deviant,No_Concurrent_Articulation,4,1,6,8,2,5,7,3,4,1,6,8,2,5,3,7
21,6,CS,With_Deviant,No_Concurrent_Articulation,2,4,8,1,6,3,7,5,2,4,8,1,6,3,7,5
21,1,SS,No_Deviant,With_Concurrent_Articulation,7,1,3,6,4,2,8,5,7,1,3,6,4,0,0,0
21,2,SS,No_Deviant,With_Concurrent_Articulation,3,6,1,7,2,4,8,5,0,6,3,1,7,0,0,0
21,3,SS,No_Deviant,With_Concurrent_Articulation,8,3,6,1,7,4,2,5,8,3,6,1,7,0,0,5
21,4,SS,No_Deviant,With_Concurrent_Articulation,3,6,8,5,7,2,4,1,3,8,6,5,7,1,0,0
21,5,SS,No_Deviant,With_Concurrent_Articulation,4,6,1,7,3,8,5,2,4,6,7,1,3,8,5,2
21,6,SS,No_Deviant,With_Concurrent_Articulation,8,5,1,6,3,7,4,2,8,5,6,1,3,7,0,0
21,1,SS,With_Deviant,With_Concurrent_Articulation,5,8,3,7,2,4,6,1,8,3,5,7,6,0,0,1
21,2,SS,With_Deviant,With_Concurrent_Articulation,8,4,6,2,7,1,5,3,8,4,6,2,0,0,1,3
21,3,SS,With_Deviant,With_Concurrent_Articulation,3,1,4,8,6,2,5,7,3,1,4,8,6,0,0,0
21,4,SS,With_Deviant,With_Concurrent_Articulation,2,4,7,1,5,8,6,3,2,4,7,1,0,0,8,7
21,5,SS,With_Deviant,With_Concurrent_Articulation,5,7,4,2,6,1,3,8,5,7,4,2,6,0,8,0
21,6,SS,With_Deviant,With_Concurrent_Articulation,4,8,5,3,7,2,6,1,4,8,3,5,0,0,0,1
21,1,CS,No_Deviant,With_Concurrent_Articulation,6,2,7,4,1,8,3,5,6,7,8,0,0,0,0,1
21,2,CS,No_Deviant,With_Concurrent_Articulation,2,8,5,3,6,4,7,1,2,8,6,4,7,0,0,0
21,3,CS,No_Deviant,With_Concurrent_Articulation,7,3,1,5,2,8,6,4,7,3,1,0,0,0,0,4
21,4,CS,No_Deviant,With_Concurrent_Articulation,7,2,4,6,3,5,8,1,7,6,3,5,4,0,0,1
21,5,CS,No_Deviant,With_Concurrent_Articulation,2,7,4,8,6,3,5,1,2,7,4,0,0,0,0,0
21,6,CS,No_Deviant,With_Concurrent_Articulation,5,1,6,2,8,3,7,4,0,0,0,5,8,3,7,4
21,1,CS,With_Deviant,With_Concurrent_Articulation,8,1,7,3,5,2,4,6,8,1,3,7,5,0,6,0
21,2,CS,With_Deviant,With_Concurrent_Articulation,5,7,3,8,2,6,1,4,5,7,3,0,0,0,0,4
21,3,CS,With_Deviant,With_Concurrent_Articulation,3,6,8,4,1,5,7,2,3,8,4,0,0,6,5,2
21,4,CS,With_Deviant,With_Concurrent_Articulation,3,8,5,1,7,4,6,2,3,8,5,1,6,0,0,2
21,5,CS,With_Deviant,With_Concurrent_Articulation,4,1,6,3,5,7,2,8,4,1,6,0,0,0,0,8
21,6,CS,With_Deviant,With_Concurrent_Articulation,2,8,3,5,1,7,4,6,0,0,8,3,5,7,1,0
22,1,SS,No_Deviant,No_Concurrent_Articulation,6,1,5,3,7,2,8,4,6,1,5,3,7,2,8,4
22,2,SS,No_Deviant,No_Concurrent_Articulation,4,6,2,8,5,7,1,3,4,6,2,8,5,7,1,3
22,3,SS,No_Deviant,No_Concurrent_Articulation,2,5,8,4,7,3,1,6,2,5,8,4,7,3,1,6
22,4,SS,No_Deviant,No_Concurrent_Articulation,7,5,8,3,1,6,4,2,7,5,4,3,1,6,8,2
22,5,SS,No_Deviant,No_Concurrent_Articulation,8,2,5,1,6,3,7,4,8,2,5,1,6,3,7,4
22,6,SS,No_Deviant,No_Concurrent_Articulation,8,5,2,7,3,1,4,6,8,5,2,7,6,3,4,1
22,1,SS,With_Deviant,No_Concurrent_Articulation,5,7,1,8,3,6,4,2,7,5,1,4,3,8,6,2
22,2,SS,With_Deviant,No_Concurrent_Articulation,8,2,5,7,1,3,6,4,8,2,5,7,1,3,4,6
22,3,SS,With_Deviant,No_Concurrent_Articulation,4,1,7,3,6,8,2,5,4,1,6,7,3,4,2,5
22,4,SS,With_Deviant,No_Concurrent_Articulation,6,4,2,7,3,8,1,5,6,4,2,7,8,3,1,5
22,5,SS,With_Deviant,No_Concurrent_Articulation,3,5,1,4,7,2,8,6,3,5,1,4,7,2,8,6
22,6,SS,With_Deviant,No_Concurrent_Articulation,4,8,1,3,6,2,5,7,4,8,1,3,6,2,7,5
22,1,CS,No_Deviant,No_Concurrent_Articulation,7,3,6,4,8,2,5,1,7,3,6,4,8,2,5,1
22,2,CS,No_Deviant,No_Concurrent_Articulation,2,4,7,3,8,6,1,5,2,4,7,3,8,6,1,5
22,3,CS,No_Deviant,No_Concurrent_Articulation,8,5,7,4,2,6,3,1,6,4,2,8,7,5,3,1
22,4,CS,No_Deviant,No_Concurrent_Articulation,2,5,1,6,8,3,7,4,2,5,1,7,8,3,6,4
22,5,CS,No_Deviant,No_Concurrent_Articulation,2,5,7,3,6,8,4,1,2,7,3,6,4,8,5,1
22,6,CS,No_Deviant,No_Concurrent_Articulation,4,7,2,6,1,5,8,3,4,7,2,6,1,5,8,3
22,1,CS,With_Deviant,No_Concurrent_Articulation,5,2,8,3,6,1,7,4,5,8,3,2,6,1,7,4
22,2,CS,With_Deviant,No_Concurrent_Articulation,7,3,5,1,6,4,8,2,7,3,5,4,6,3,8,1
22,3,CS,With_Deviant,No_Concurrent_Articulation,4,7,2,6,3,1,8,5,5,2,3,6,7,1,8,4
22,4,CS,With_Deviant,No_Concurrent_Articulation,6,4,2,5,3,7,1,8,6,5,2,7,1,3,8,4
22,5,CS,With_Deviant,No_Concurrent_Articulation,4,1,6,8,2,5,7,3,8,6,1,2,5,4,7,3
22,6,CS,With_Deviant,No_Concurrent_Articulation,2,4,8,1,6,3,7,5,2,4,8,1,3,6,7,5
22,1,SS,No_Deviant,With_Concurrent_Articulation,7,1,3,6,4,2,8,5,7,1,4,2,3,6,8,5
22,2,SS,No_Deviant,With_Concurrent_Articulation,3,6,1,7,2,4,8,5,0,0,0,0,0,0,0,5
22,3,SS,No_Deviant,With_Concurrent_Articulation,8,3,6,1,7,4,2,5,8,6,3,4,7,2,1,5
22,4,SS,No_Deviant,With_Concurrent_Articulation,3,6,8,5,7,2,4,1,4,3,2,8,1,7,4,1
22,5,SS,No_Deviant,With_Concurrent_Articulation,4,6,1,7,3,8,5,2,4,6,1,3,5,8,7,2
22,6,SS,No_Deviant,With_Concurrent_Articulation,8,5,1,6,3,7,4,2,8,5,1,7,6,4,2,3
22,1,SS,With_Deviant,With_Concurrent_Articulation,5,8,3,7,2,4,6,1,5,4,3,2,7,8,6,1
22,2,SS,With_Deviant,With_Concurrent_Articulation,8,4,6,2,7,1,5,3,8,4,2,7,5,1,0,3
22,3,SS,With_Deviant,With_Concurrent_Articulation,3,1,4,8,6,2,5,7,3,4,1,0,0,0,0,5
22,4,SS,With_Deviant,With_Concurrent_Articulation,2,4,7,1,5,8,6,3,3,2,4,1,6,7,8,3
22,5,SS,With_Deviant,With_Concurrent_Articulation,5,7,4,2,6,1,3,8,7,2,5,4,6,1,3,8
22,6,SS,With_Deviant,With_Concurrent_Articulation,4,8,5,3,7,2,6,1,8,4,5,6,7,2,3,1
22,1,CS,No_Deviant,With_Concurrent_Articulation,6,2,7,4,1,8,3,5,6,0,2,0,3,1,8,5
22,2,CS,No_Deviant,With_Concurrent_Articulation,2,8,5,3,6,4,7,1,2,8,5,0,0,6,1,7
22,3,CS,No_Deviant,With_Concurrent_Articulation,7,3,1,5,2,8,6,4,3,7,1,5,8,9,7,4
22,4,CS,No_Deviant,With_Concurrent_Articulation,7,2,4,6,3,5,8,1,1,7,4,6,0,0,0,8
22,5,CS,No_Deviant,With_Concurrent_Articulation,2,7,4,8,6,3,5,1,3,5,8,0,2,0,0,1
22,6,CS,No_Deviant,With_Concurrent_Articulation,5,1,6,2,8,3,7,4,5,3,8,0,0,0,7,4
22,1,CS,With_Deviant,With_Concurrent_Articulation,8,1,7,3,5,2,4,6,7,1,8,5,3,2,4,6
22,2,CS,With_Deviant,With_Concurrent_Articulation,5,7,3,8,2,6,1,4,5,2,3,4,6,1,0,0
22,3,CS,With_Deviant,With_Concurrent_Articulation,3,6,8,4,1,5,7,2,0,6,8,0,0,5,7,2
22,4,CS,With_Deviant,With_Concurrent_Articulation,3,8,5,1,7,4,6,2,7,4,0,0,1,8,6,2
22,5,CS,With_Deviant,With_Concurrent_Articulation,4,1,6,3,5,7,2,8,4,1,6,5,7,3,2,8
22,6,CS,With_Deviant,With_Concurrent_Articulation,2,8,3,5,1,7,4,6,5,7,3,8,1,0,0,6
23,1,SS,No_Deviant,No_Concurrent_Articulation,6,1,5,3,7,2,8,4,6,1,3,5,7,2,8,4
23,2,SS,No_Deviant,No_Concurrent_Articulation,4,6,2,8,5,7,1,3,4,6,2,8,5,7,1,3
23,3,SS,No_Deviant,No_Concurrent_Articulation,2,5,8,4,7,3,1,6,2,5,8,4,5,3,1,6
23,4,SS,No_Deviant,No_Concurrent_Articulation,7,5,8,3,1,6,4,2,7,5,8,3,4,6,2,1
23,5,SS,No_Deviant,No_Concurrent_Articulation,8,2,5,1,6,3,7,4,8,2,5,1,6,3,7,4
23,6,SS,No_Deviant,No_Concurrent_Articulation,8,5,2,7,3,1,4,6,8,5,2,7,3,5,7,1
23,1,SS,With_Deviant,No_Concurrent_Articulation,5,7,1,8,3,6,4,2,5,7,1,3,6,6,4,2
23,2,SS,With_Deviant,No_Concurrent_Articulation,8,2,5,7,1,3,6,4,0,5,6,7,1,3,5,4
23,3,SS,With_Deviant,No_Concurrent_Articulation,4,1,7,3,6,8,2,5,4,1,7,3,8,6,2,5
23,4,SS,With_Deviant,No_Concurrent_Articulation,6,4,2,7,3,8,1,5,6,4,2,7,3,8,1,5
23,5,SS,With_Deviant,No_Concurrent_Articulation,3,5,1,4,7,2,8,6,3,5,1,4,7,2,3,8
23,6,SS,With_Deviant,No_Concurrent_Articulation,4,8,1,3,6,2,5,7,4,8,1,3,6,2,7,5
23,1,CS,No_Deviant,No_Concurrent_Articulation,7,3,6,4,8,2,5,1,8,7,5,0,0,2,4,1
23,2,CS,No_Deviant,No_Concurrent_Articulation,2,4,7,3,8,6,1,5,2,4,7,3,8,6,1,5
23,3,CS,No_Deviant,No_Concurrent_Articulation,8,5,7,4,2,6,3,1,8,3,7,6,4,0,0,1
23,4,CS,No_Deviant,No_Concurrent_Articulation,2,5,1,6,8,3,7,4,2,5,1,6,8,6,7,4
23,5,CS,No_Deviant,No_Concurrent_Articulation,2,5,7,3,6,8,4,1,2,5,7,5,0,3,4,1
23,6,CS,No_Deviant,No_Concurrent_Articulation,4,7,2,6,1,5,8,3,4,7,0,2,4,5,1,3
23,1,CS,With_Deviant,No_Concurrent_Articulation,5,2,8,3,6,1,7,4,0,5,6,3,8,7,4,1
23,2,CS,With_Deviant,No_Concurrent_Articulation,7,3,5,1,6,4,8,2,7,6,8,0,0,4,1,2
23,3,CS,With_Deviant,No_Concurrent_Articulation,4,7,2,6,3,1,8,5,4,7,2,6,3,1,2,5
23,4,CS,With_Deviant,No_Concurrent_Articulation,6,4,2,5,3,7,1,8,6,5,2,5,3,1,0,0
23,5,CS,With_Deviant,No_Concurrent_Articulation,4,1,6,8,2,5,7,3,2,8,6,1,4,7,1,3
23,6,CS,With_Deviant,No_Concurrent_Articulation,2,4,8,1,6,3,7,5,4,3,2,5,8,7,6,1
23,1,SS,No_Deviant,With_Concurrent_Articulation,7,1,3,6,4,2,8,5,7,1,3,0,0,4,0,5
23,2,SS,No_Deviant,With_Concurrent_Articulation,3,6,1,7,2,4,8,5,3,4,0,6,0,7,0,8
23,3,SS,No_Deviant,With_Concurrent_Articulation,8,3,6,1,7,4,2,5,8,3,6,0,1,4,7,0
23,4,SS,No_Deviant,With_Concurrent_Articulation,3,6,8,5,7,2,4,1,3,4,1,0,0,6,0,8
23,5,SS,No_Deviant,With_Concurrent_Articulation,4,6,1,7,3,8,5,2,4,6,1,0,0,6,0,8
23,6,SS,No_Deviant,With_Concurrent_Articulation,8,5,1,6,3,7,4,2,8,5,1,0,0,2,0,4
23,1,SS,With_Deviant,With_Concurrent_Articulation,5,8,3,7,2,4,6,1,5,8,3,0,7,0,1,4
23,2,SS,With_Deviant,With_Concurrent_Articulation,8,4,6,2,7,1,5,3,8,4,6,0,3,0,1,0
23,3,SS,With_Deviant,With_Concurrent_Articulation,3,1,4,8,6,2,5,7,3,8,1,4,0,2,0,6
23,4,SS,With_Deviant,With_Concurrent_Articulation,2,4,7,1,5,8,6,3,3,4,2,1,0,0,6,8
23,5,SS,With_Deviant,With_Concurrent_Articulation,5,7,4,2,6,1,3,8,5,7,4,0,0,2,0,8
23,6,SS,With_Deviant,With_Concurrent_Articulation,4,8,5,3,7,2,6,1,4,8,5,3,7,0,0,1
23,1,CS,No_Deviant,With_Concurrent_Articulation,6,2,7,4,1,8,3,5,8,5,0,0,7,2,1,0
23,2,CS,No_Deviant,With_Concurrent_Articulation,2,8,5,3,6,4,7,1,2,0,4,6,2,1,0,7
23,3,CS,No_Deviant,With_Concurrent_Articulation,7,3,1,5,2,8,6,4,7,4,6,1,0,0,4,3
23,4,CS,No_Deviant,With_Concurrent_Articulation,7,2,4,6,3,5,8,1,7,2,4,6,0,1,0,3
23,5,CS,No_Deviant,With_Concurrent_Articulation,2,7,4,8,6,3,5,1,2,7,1,4,0,3,0,0
23,6,CS,No_Deviant,With_Concurrent_Articulation,5,1,6,2,8,3,7,4,5,1,0,4,0,6,0,8
23,1,CS,With_Deviant,With_Concurrent_Articulation,8,1,7,3,5,2,4,6,8,0,4,6,1,0,2,3
23,2,CS,With_Deviant,With_Concurrent_Articulation,5,7,3,8,2,6,1,4,5,6,7,3,0,0,4,1
23,3,CS,With_Deviant,With_Concurrent_Articulation,3,6,8,4,1,5,7,2,3,7,0,0,2,1,3,4
23,4,CS,With_Deviant,With_Concurrent_Articulation,3,8,5,1,7,4,6,2,3,8,1,0,0,4,0,2
23,5,CS,With_Deviant,With_Concurrent_Articulation,4,1,6,3,5,7,2,8,4,8,1,3,0,2,6,4
23,6,CS,With_Deviant,With_Concurrent_Articulation,2,8,3,5,1,7,4,6,2,4,6,7,0,0,8,1
24,1,SS,No_Deviant,No_Concurrent_Articulation,6,1,5,3,7,2,8,4,6,1,5,3,4,7,2,8
24,2,SS,No_Deviant,No_Concurrent_Articulation,4,6,2,8,5,7,1,3,4,6,2,8,5,7,1,3
24,3,SS,No_Deviant,No_Concurrent_Articulation,2,5,8,4,7,3,1,6,2,5,8,4,3,7,1,6
24,4,SS,No_Deviant,No_Concurrent_Articulation,7,5,8,3,1,6,4,2,7,5,8,3,4,2,1,6
24,5,SS,No_Deviant,No_Concurrent_Articulation,8,2,5,1,6,3,7,4,8,2,5,1,6,3,4,7
24,6,SS,No_Deviant,No_Concurrent_Articulation,8,5,2,7,3,1,4,6,8,5,2,7,3,1,4,6
24,1,SS,With_Deviant,No_Concurrent_Articulation,5,7,1,8,3,6,4,2,5,7,1,8,3,6,4,2
24,2,SS,With_Deviant,No_Concurrent_Articulation,8,2,5,7,1,3,6,4,8,2,5,7,1,3,6,5
24,3,SS,With_Deviant,No_Concurrent_Articulation,4,1,7,3,6,8,2,5,4,1,7,6,5,8,2,3
24,4,SS,With_Deviant,No_Concurrent_Articulation,6,4,2,7,3,8,1,5,6,4,2,7,3,8,1,5
24,5,SS,With_Deviant,No_Concurrent_Articulation,3,5,1,4,7,2,8,6,3,2,7,4,8,1,6,5
24,6,SS,With_Deviant,No_Concurrent_Articulation,4,8,1,3,6,2,5,7,4,8,1,5,6,2,7,3
24,1,CS,No_Deviant,No_Concurrent_Articulation,7,3,6,4,8,2,5,1,7,3,6,2,4,6,0,5
24,2,CS,No_Deviant,No_Concurrent_Articulation,2,4,7,3,8,6,1,5,2,4,7,6,8,1,0,7
24,3,CS,No_Deviant,No_Concurrent_Articulation,8,5,7,4,2,6,3,1,8,5,7,4,2,1,0,0
24,4,CS,No_Deviant,No_Concurrent_Articulation,2,5,1,6,8,3,7,4,2,5,7,6,8,1,5,7
24,5,CS,No_Deviant,No_Concurrent_Articulation,2,5,7,3,6,8,4,1,2,5,7,3,8,1,2,5
24,6,CS,No_Deviant,No_Concurrent_Articulation,4,7,2,6,1,5,8,3,4,7,2,6,1,5,4,8
24,1,CS,With_Deviant,No_Concurrent_Articulation,5,2,8,3,6,1,7,4,5,2,8,7,1,3,6,4
24,2,CS,With_Deviant,No_Concurrent_Articulation,7,3,5,1,6,4,8,2,7,3,5,4,0,0,5,2
24,3,CS,With_Deviant,No_Concurrent_Articulation,4,7,2,6,3,1,8,5,4,3,7,8,0,0,0,7
24,4,CS,With_Deviant,No_Concurrent_Articulation,6,4,2,5,3,7,1,8,6,4,7,5,3,8,1,7
24,5,CS,With_Deviant,No_Concurrent_Articulation,4,1,6,8,2,5,7,3,4,1,6,8,2,5,0,7
24,6,CS,With_Deviant,No_Concurrent_Articulation,2,4,8,1,6,3,7,5,2,4,8,6,3,5,1,8
24,1,SS,No_Deviant,With_Concurrent_Articulation,7,1,3,6,4,2,8,5,7,1,3,4,8,0,0,5
24,2,SS,No_Deviant,With_Concurrent_Articulation,3,6,1,7,2,4,8,5,3,6,1,8,4,2,5,7
24,3,SS,No_Deviant,With_Concurrent_Articulation,8,3,6,1,7,4,2,5,8,3,6,4,2,5,7,1
24,4,SS,No_Deviant,With_Concurrent_Articulation,3,6,8,5,7,2,4,1,3,6,8,5,7,2,1,8
24,5,SS,No_Deviant,With_Concurrent_Articulation,4,6,1,7,3,8,5,2,6,4,1,5,3,2,7,8
24,6,SS,No_Deviant,With_Concurrent_Articulation,8,5,1,6,3,7,4,2,8,5,1,4,3,6,7,2
24,1,SS,With_Deviant,With_Concurrent_Articulation,5,8,3,7,2,4,6,1,5,3,2,7,4,0,6,1
24,2,SS,With_Deviant,With_Concurrent_Articulation,8,4,6,2,7,1,5,3,8,4,7,2,1,6,5,3
24,3,SS,With_Deviant,With_Concurrent_Articulation,3,1,4,8,6,2,5,7,3,1,4,5,7,8,2,6
24,4,SS,With_Deviant,With_Concurrent_Articulation,2,4,7,1,5,8,6,3,2,5,7,1,8,4,3,6
24,5,SS,With_Deviant,With_Concurrent_Articulation,5,7,4,2,6,1,3,8,5,7,4,2,8,1,3,6
24,6,SS,With_Deviant,With_Concurrent_Articulation,4,8,5,3,7,2,6,1,4,8,5,6,0,0,7,1
24,1,CS,No_Deviant,With_Concurrent_Articulation,6,2,7,4,1,8,3,5,6,2,5,0,0,0,0,7
24,2,CS,No_Deviant,With_Concurrent_Articulation,2,8,5,3,6,4,7,1,2,5,8,3,1,4,0,6
24,3,CS,No_Deviant,With_Concurrent_Articulation,7,3,1,5,2,8,6,4,8,3,1,2,5,8,0,0
24,4,CS,No_Deviant,With_Concurrent_Articulation,7,2,4,6,3,5,8,1,7,2,4,6,5,0,8,1
24,5,CS,No_Deviant,With_Concurrent_Articulation,2,7,4,8,6,3,5,1,2,7,8,5,0,0,0,0
24,6,CS,No_Deviant,With_Concurrent_Articulation,5,1,6,2,8,3,7,4,5,1,3,6,4,8,2,7
24,1,CS,With_Deviant,With_Concurrent_Articulation,8,1,7,3,5,2,4,6,8,1,3,5,2,4,6,7
24,2,CS,With_Deviant,With_Concurrent_Articulation,5,7,3,8,2,6,1,4,5,7,3,0,0,0,6,4
24,3,CS,With_Deviant,With_Concurrent_Articulation,3,6,8,4,1,5,7,2,3,6,8,0,0,0,0,5
24,4,CS,With_Deviant,With_Concurrent_Articulation,3,8,5,1,7,4,6,2,8,3,4,0,0,0,0,5
24,5,CS,With_Deviant,With_Concurrent_Articulation,4,1,6,3,5,7,2,8,3,1,7,4,5,8,7,2
24,6,CS,With_Deviant,With_Concurrent_Articulation,2,8,3,5,1,7,4,6,2,8,5,3,1,4,6,7