Participant,Trial,State,Deviant,I1,I2,I3,I4,I5,I6,O1,O2,O3,O4,O5,O6
1,1,CS,No_Deviant,7,4,8,1,5,3,7,4,8,5,3,0
1,2,CS,No_Deviant,3,1,7,4,2,5,3,1,7,5,2,8
1,3,CS,No_Deviant,5,7,1,8,3,6,5,7,1,4,8,2
1,4,CS,No_Deviant,6,2,5,1,4,7,6,2,5,1,0,7
1,6,CS,No_Deviant,8,2,5,7,4,6,8,2,5,7,1,6
1,7,CS,No_Deviant,5,1,7,4,2,8,5,1,7,4,0,2
1,9,CS,No_Deviant,7,4,2,6,1,5,7,4,2,6,1,5
1,10,CS,No_Deviant,2,7,5,1,4,8,2,7,5,1,4,6
1,11,CS,No_Deviant,6,4,7,2,8,3,6,4,7,2,3,0
1,12,CS,No_Deviant,5,7,2,8,1,4,5,7,8,1,4,2
1,13,CS,No_Deviant,8,3,6,2,5,7,8,6,4,2,5,7
1,14,CS,No_Deviant,3,1,7,4,6,8,3,7,1,4,0,8
1,15,CS,No_Deviant,5,7,3,6,2,4,5,7,3,4,6,2
1,16,CS,No_Deviant,8,1,6,3,5,2,8,1,6,3,2,5
1,17,CS,No_Deviant,4,2,8,6,3,7,4,2,8,6,7,1
1,19,CS,No_Deviant,4,2,8,6,3,5,4,2,8,6,5,3
1,20,CS,No_Deviant,2,6,4,8,1,7,2,6,4,8,1,7
1,21,CS,No_Deviant,5,2,7,3,8,4,5,7,2,3,8,1
1,22,CS,No_Deviant,4,6,2,8,5,3,4,6,2,8,5,3
1,23,CS,No_Deviant,3,1,8,5,2,6,3,1,8,5,2,6
1,24,CS,No_Deviant,2,4,7,1,8,5,2,4,7,1,8,5
1,25,CS,No_Deviant,8,1,5,2,6,3,8,1,5,2,6,3
1,26,CS,No_Deviant,4,6,3,7,2,8,4,6,3,8,5,2
1,28,CS,No_Deviant,7,3,1,6,2,5,7,6,3,1,8,2
1,29,CS,No_Deviant,4,8,6,3,7,2,4,8,5,7,2,1
1,30,CS,No_Deviant,3,1,7,5,2,6,3,1,7,5,2,6
1,31,CS,No_Deviant,6,2,8,1,4,7,6,2,8,0,0,4
1,32,CS,No_Deviant,4,6,3,7,1,5,4,6,3,7,0,5
1,33,CS,No_Deviant,5,3,6,4,2,8,5,6,3,7,4,2
1,34,CS,No_Deviant,6,8,4,7,1,3,6,8,4,7,1,3
1,36,CS,No_Deviant,5,2,8,1,7,4,5,2,8,1,4,6
1,37,CS,No_Deviant,8,5,1,7,3,6,8,5,1,7,3,6
1,38,CS,No_Deviant,3,7,4,2,6,8,3,7,4,2,8,5
1,39,CS,No_Deviant,5,2,7,3,1,6,5,2,7,8,1,3
1,40,CS,No_Deviant,4,7,2,6,8,3,4,7,6,2,8,3
1,42,CS,No_Deviant,4,7,3,8,5,2,4,7,3,2,5,8
1,43,CS,No_Deviant,5,3,7,2,4,1,5,3,2,7,4,1
1,44,CS,No_Deviant,4,1,8,6,2,5,4,1,6,6,5,2
1,45,CS,No_Deviant,6,2,4,7,3,1,6,2,4,7,1,3
1,5,CS,With_Deviant,5,8,1,4,7,2,5,2,8,4,7,3
1,8,CS,With_Deviant,2,7,4,1,5,3,2,1,7,4,5,6
1,18,CS,With_Deviant,5,3,7,1,4,6,5,3,7,8,1,6
1,27,CS,With_Deviant,6,2,8,3,5,1,6,2,8,3,5,1
1,35,CS,With_Deviant,4,7,2,5,3,6,4,7,2,6,5,3
1,41,CS,With_Deviant,5,3,7,4,2,8,5,3,7,2,4,8
1,1,SS,No_Deviant,2,5,1,8,4,6,2,5,1,8,4,6
1,2,SS,No_Deviant,7,1,4,2,6,8,7,1,4,6,8,2
1,3,SS,No_Deviant,8,5,2,6,3,7,8,3,5,7,6,4
1,4,SS,No_Deviant,3,6,8,1,7,5,3,6,8,5,1,2
1,6,SS,No_Deviant,5,2,4,6,1,8,5,2,4,8,6,1
1,7,SS,No_Deviant,8,4,7,1,6,3,8,4,7,1,3,6
1,9,SS,No_Deviant,3,6,2,7,5,8,3,6,2,7,5,0
1,10,SS,No_Deviant,2,5,7,4,6,1,2,5,7,4,1,6
1,11,SS,No_Deviant,3,6,2,7,1,4,3,6,2,7,4,1
1,12,SS,No_Deviant,5,2,4,8,3,7,5,2,4,8,3,7
1,13,SS,No_Deviant,8,3,5,1,6,4,8,3,5,7,4,1
1,14,SS,No_Deviant,5,8,3,7,1,6,5,8,3,7,4,1
1,15,SS,No_Deviant,7,5,1,6,4,2,8,5,1,7,6,3
1,16,SS,No_Deviant,4,6,2,8,3,5,4,6,3,8,5,2
1,17,SS,No_Deviant,2,5,8,1,7,3,2,5,8,1,3,6
1,19,SS,No_Deviant,3,8,2,6,1,4,3,8,2,1,6,4
1,20,SS,No_Deviant,7,2,4,8,5,1,7,2,4,8,5,1
1,21,SS,No_Deviant,2,6,3,1,4,7,2,6,3,7,5,1
1,22,SS,No_Deviant,5,7,2,8,1,3,2,5,1,7,3,6
1,23,SS,No_Deviant,4,1,7,3,6,8,4,1,7,3,6,0
1,24,SS,No_Deviant,3,5,2,7,4,6,4,7,3,5,7,6
1,25,SS,No_Deviant,5,1,7,4,8,2,5,1,7,8,4,6
1,26,SS,No_Deviant,3,6,1,8,2,5,3,6,1,0,0,5
1,28,SS,No_Deviant,2,6,8,5,7,3,2,6,8,5,0,3
1,29,SS,No_Deviant,3,7,5,1,8,4,3,7,5,8,1,0
1,30,SS,No_Deviant,5,8,4,6,1,3,5,8,4,6,1,3
1,31,SS,No_Deviant,8,4,7,3,5,2,8,4,7,3,5,2
1,32,SS,No_Deviant,3,6,8,5,1,7,3,6,8,5,7,1
1,33,SS,No_Deviant,2,8,5,7,4,6,2,8,5,7,6,1
1,34,SS,No_Deviant,6,4,7,2,8,5,6,1,4,8,2,7
1,36,SS,No_Deviant,4,2,8,3,6,1,4,2,8,0,6,1
1,37,SS,No_Deviant,8,5,2,4,7,3,8,5,2,4,6,0
1,38,SS,No_Deviant,6,1,8,3,5,2,6,1,8,5,3,2
1,39,SS,No_Deviant,5,8,2,7,4,1,2,5,8,4,7,6
1,40,SS,No_Deviant,6,2,8,3,7,4,6,2,8,4,7,3
1,42,SS,No_Deviant,4,6,2,5,7,1,8,6,4,2,7,0
1,43,SS,No_Deviant,2,8,4,7,1,6,2,8,4,7,0,0
1,44,SS,No_Deviant,5,3,1,6,8,4,5,3,7,4,1,8
1,45,SS,No_Deviant,6,1,7,4,2,8,0,0,0,7,4,1
1,5,SS,With_Deviant,2,7,5,3,8,1,2,7,5,3,8,1
1,8,SS,With_Deviant,4,1,6,8,3,5,1,6,1,8,3,0
1,18,SS,With_Deviant,5,1,4,8,2,6,5,1,4,3,8,6
1,27,SS,With_Deviant,6,2,5,7,3,1,6,2,5,7,1,3
1,35,SS,With_Deviant,8,5,2,6,4,7,8,5,7,2,6,1
1,41,SS,With_Deviant,5,7,4,2,6,8,5,7,4,2,8,3
2,1,CS,No_Deviant,7,4,8,1,5,3,7,4,8,1,2,3
2,2,CS,No_Deviant,3,1,7,4,2,5,3,1,7,4,5,2
2,3,CS,No_Deviant,5,7,1,8,3,6,5,7,1,4,2,3
2,4,CS,No_Deviant,6,2,5,1,4,7,6,2,5,3,7,1
2,6,CS,No_Deviant,8,2,5,7,4,6,8,2,5,1,3,4
2,7,CS,No_Deviant,5,1,7,4,2,8,5,1,7,2,3,4
2,9,CS,No_Deviant,7,4,2,6,1,5,7,4,2,5,3,6
2,10,CS,No_Deviant,2,7,5,1,4,8,2,7,5,3,4,8
2,11,CS,No_Deviant,6,4,7,2,8,3,6,4,7,2,1,3
2,12,CS,No_Deviant,5,7,2,8,1,4,5,7,8,1,2,3
2,13,CS,No_Deviant,8,3,6,2,5,7,8,3,2,4,5,7
2,14,CS,No_Deviant,3,1,7,4,6,8,3,1,7,2,5,6
2,15,CS,No_Deviant,5,7,3,6,2,4,5,7,3,4,2,6
2,16,CS,No_Deviant,8,1,6,3,5,2,8,1,6,3,5,2
2,17,CS,No_Deviant,4,2,8,6,3,7,4,2,8,6,1,3
2,19,CS,No_Deviant,4,2,8,6,3,5,4,2,8,6,5,1
2,20,CS,No_Deviant,2,6,4,8,1,7,2,6,4,5,1,3
2,21,CS,No_Deviant,5,2,7,3,8,4,5,2,7,1,3,4
2,22,CS,No_Deviant,4,6,2,8,5,3,4,6,2,1,5,3
2,23,CS,No_Deviant,3,1,8,5,2,6,3,1,8,5,2,6
2,24,CS,No_Deviant,2,4,7,1,8,5,2,4,7,1,6,3
2,25,CS,No_Deviant,8,1,5,2,6,3,8,1,6,2,4,3
2,26,CS,No_Deviant,4,6,3,7,2,8,4,6,3,2,1,5
2,28,CS,No_Deviant,7,3,1,6,2,5,7,3,1,6,2,5
2,29,CS,No_Deviant,4,8,6,3,7,2,4,8,6,2,5,1
2,30,CS,No_Deviant,3,1,7,5,2,6,3,1,7,5,2,6
2,31,CS,No_Deviant,6,2,8,1,4,7,6,2,8,5,3,1
2,32,CS,No_Deviant,4,6,3,7,1,5,4,6,3,7,5,1
2,33,CS,No_Deviant,5,3,6,4,2,8,3,6,4,2,5,8
2,34,CS,No_Deviant,6,8,4,7,1,3,6,8,4,2,1,7
2,36,CS,No_Deviant,5,2,8,1,7,4,5,8,2,3,7,1
2,37,CS,No_Deviant,8,5,1,7,3,6,8,5,1,4,2,3
2,38,CS,No_Deviant,3,7,4,2,6,8,3,7,4,5,2,1
2,39,CS,No_Deviant,5,2,7,3,1,6,5,2,7,4,1,6
2,40,CS,No_Deviant,4,7,2,6,8,3,4,7,2,6,3,8
2,42,CS,No_Deviant,4,7,3,8,5,2,4,7,3,2,1,5
2,43,CS,No_Deviant,5,3,7,2,4,1,5,3,7,6,2,1
2,44,CS,No_Deviant,4,1,8,6,2,5,4,1,8,6,2,5
2,45,CS,No_Deviant,6,2,4,7,3,1,6,2,4,5,3,2
2,5,CS,With_Deviant,5,8,1,4,7,2,5,8,1,4,2,3
2,8,CS,With_Deviant,2,7,4,1,5,3,7,4,1,2,3,6
2,18,CS,With_Deviant,5,3,7,1,4,6,5,3,7,2,6,5
2,27,CS,With_Deviant,6,2,8,3,5,1,6,2,8,5,3,1
2,35,CS,With_Deviant,4,7,2,5,3,6,4,7,2,5,1,3
2,41,CS,With_Deviant,5,3,7,4,2,8,5,7,3,1,6,4
2,1,SS,No_Deviant,2,5,1,8,4,6,5,2,1,3,6,4
2,2,SS,No_Deviant,7,1,4,2,6,8,7,1,4,2,5,6
2,3,SS,No_Deviant,8,5,2,6,3,7,8,5,2,3,4,6
2,4,SS,No_Deviant,3,6,8,1,7,5,3,6,8,4,2,5
2,6,SS,No_Deviant,5,2,4,6,1,8,5,2,1,3,6,8
2,7,SS,No_Deviant,8,4,7,1,6,3,8,7,4,6,1,5
2,9,SS,No_Deviant,3,6,2,7,5,8,3,6,2,5,1,8
2,10,SS,No_Deviant,2,5,7,4,6,1,2,5,7,6,8,1
2,11,SS,No_Deviant,3,6,2,7,1,4,3,6,2,5,1,4
2,12,SS,No_Deviant,5,2,4,8,3,7,5,2,4,1,6,3
2,13,SS,No_Deviant,8,3,5,1,6,4,8,3,5,6,2,1
2,14,SS,No_Deviant,5,8,3,7,1,6,5,8,3,1,2,4
2,15,SS,No_Deviant,7,5,1,6,4,2,7,5,1,3,6,2
2,16,SS,No_Deviant,4,6,2,8,3,5,4,6,2,3,8,5
2,17,SS,No_Deviant,2,5,8,1,7,3,2,5,8,6,2,3
2,19,SS,No_Deviant,3,8,2,6,1,4,3,8,2,6,1,4
2,20,SS,No_Deviant,7,2,4,8,5,1,7,4,2,5,3,6
2,21,SS,No_Deviant,2,6,3,1,4,7,2,6,3,5,4,7
2,22,SS,No_Deviant,5,7,2,8,1,3,5,7,2,3,6,8
2,23,SS,No_Deviant,4,1,7,3,6,8,4,1,7,2,6,8
2,24,SS,No_Deviant,3,5,2,7,4,6,3,5,2,6,4,1
2,25,SS,No_Deviant,5,1,7,4,8,2,5,1,7,6,3,2
2,26,SS,No_Deviant,3,6,1,8,2,5,3,1,6,4,2,5
2,28,SS,No_Deviant,2,6,8,5,7,3,2,6,8,5,1,3
2,29,SS,No_Deviant,3,7,5,1,8,4,3,7,5,2,1,6
2,30,SS,No_Deviant,5,8,4,6,1,3,5,8,1,4,2,6
2,31,SS,No_Deviant,8,4,7,3,5,2,8,4,7,6,2,1
2,32,SS,No_Deviant,3,6,8,5,1,7,3,6,8,5,2,7
2,33,SS,No_Deviant,2,8,5,7,4,6,2,8,5,3,1,6
2,34,SS,No_Deviant,6,4,7,2,8,5,6,4,7,8,2,1
2,36,SS,No_Deviant,4,2,8,3,6,1,4,2,8,5,6,1
2,37,SS,No_Deviant,8,5,2,4,7,3,8,5,2,1,3,6
2,38,SS,No_Deviant,6,1,8,3,5,2,6,1,8,4,5,2
2,39,SS,No_Deviant,5,8,2,7,4,1,5,8,2,6,3,4
2,40,SS,No_Deviant,6,2,8,3,7,4,6,2,8,1,3,4
2,42,SS,No_Deviant,4,6,2,5,7,1,4,6,2,5,3,1
2,43,SS,No_Deviant,2,8,4,7,1,6,2,8,4,5,3,6
2,44,SS,No_Deviant,5,3,1,6,8,4,5,3,1,2,8,4
2,45,SS,No_Deviant,6,1,7,4,2,8,6,1,7,4,5,3
2,5,SS,With_Deviant,2,7,5,3,8,1,2,7,5,3,2,1
2,8,SS,With_Deviant,4,1,6,8,3,5,4,1,6,3,2,5
2,18,SS,With_Deviant,5,1,4,8,2,6,5,1,4,8,2,6
2,27,SS,With_Deviant,6,2,5,7,3,1,6,2,5,3,1,4
2,35,SS,With_Deviant,8,5,2,6,4,7,8,5,2,3,6,1
2,41,SS,With_Deviant,5,7,4,2,6,8,5,7,4,3,6,8
3,1,CS,No_Deviant,7,4,8,1,5,3,7,4,8,1,5,3
3,2,CS,No_Deviant,3,1,7,4,2,5,3,1,7,4,2,5
3,3,CS,No_Deviant,5,7,1,8,3,6,5,7,1,3,8,6
3,4,CS,No_Deviant,6,2,5,1,4,7,6,2,5,1,4,7
3,6,CS,No_Deviant,8,2,5,7,4,6,8,2,5,7,4,6
3,7,CS,No_Deviant,5,1,7,4,2,8,5,7,1,4,0,6
3,9,CS,No_Deviant,7,4,2,6,1,5,7,4,2,6,1,5
3,10,CS,No_Deviant,2,7,5,1,4,8,2,7,5,1,4,8
3,11,CS,No_Deviant,6,4,7,2,8,3,6,4,7,2,8,3
3,12,CS,No_Deviant,5,7,2,8,1,4,5,7,2,8,4,0
3,13,CS,No_Deviant,8,3,6,2,5,7,8,3,6,2,5,7
3,14,CS,No_Deviant,3,1,7,4,6,8,3,1,7,4,6,7
3,15,CS,No_Deviant,5,7,3,6,2,4,5,7,3,6,2,4
3,16,CS,No_Deviant,8,1,6,3,5,2,8,1,6,3,5,2
3,17,CS,No_Deviant,4,2,8,6,3,7,4,2,8,6,3,7
3,19,CS,No_Deviant,4,2,8,6,3,5,4,2,8,6,3,5
3,20,CS,No_Deviant,2,6,4,8,1,7,2,6,4,8,1,7
3,21,CS,No_Deviant,5,2,7,3,8,4,5,2,7,3,4,8
3,22,CS,No_Deviant,4,6,2,8,5,3,4,6,2,8,5,3
3,23,CS,No_Deviant,3,1,8,5,2,6,3,1,8,5,2,6
3,24,CS,No_Deviant,2,4,7,1,8,5,2,4,7,1,8,5
3,25,CS,No_Deviant,8,1,5,2,6,3,8,1,5,2,6,0
3,26,CS,No_Deviant,4,6,3,7,2,8,4,6,3,7,1,8
3,28,CS,No_Deviant,7,3,1,6,2,5,7,3,1,6,5,2
3,29,CS,No_Deviant,4,8,6,3,7,2,4,8,6,3,7,2
3,30,CS,No_Deviant,3,1,7,5,2,6,3,7,1,5,2,6
3,31,CS,No_Deviant,6,2,8,1,4,7,6,2,8,1,4,7
3,32,CS,No_Deviant,4,6,3,7,1,5,4,6,3,7,1,5
3,33,CS,No_Deviant,5,3,6,4,2,8,5,3,6,4,2,8
3,34,CS,No_Deviant,6,8,4,7,1,3,6,8,4,7,1,3
3,36,CS,No_Deviant,5,2,8,1,7,4,5,2,8,7,1,4
3,37,CS,No_Deviant,8,5,1,7,3,6,8,5,1,7,6,3
3,38,CS,No_Deviant,3,7,4,2,6,8,3,7,4,2,6,8
3,39,CS,No_Deviant,5,2,7,3,1,6,5,2,7,3,1,6
3,40,CS,No_Deviant,4,7,2,6,8,3,2,4,7,6,8,3
3,42,CS,No_Deviant,4,7,3,8,5,2,4,7,3,8,5,2
3,43,CS,No_Deviant,5,3,7,2,4,1,5,3,7,4,2,1
3,44,CS,No_Deviant,4,1,8,6,2,5,4,1,8,6,2,5
3,45,CS,No_Deviant,6,2,4,7,3,1,6,4,2,7,3,1
3,5,CS,With_Deviant,5,8,1,4,7,2,5,8,1,4,7,2
3,8,CS,With_Deviant,2,7,4,1,5,3,2,7,4,1,5,3
3,18,CS,With_Deviant,5,3,7,1,4,6,5,3,7,1,4,6
3,27,CS,With_Deviant,6,2,8,3,5,1,6,2,8,3,5,1
3,35,CS,With_Deviant,4,7,2,5,3,6,4,7,2,5,3,6
3,41,CS,With_Deviant,5,3,7,4,2,8,5,3,7,4,2,8
3,1,SS,No_Deviant,2,5,1,8,4,6,2,5,1,8,4,6
3,2,SS,No_Deviant,7,1,4,2,6,8,7,1,4,2,6,8
3,3,SS,No_Deviant,8,5,2,6,3,7,8,5,2,6,3,7
3,4,SS,No_Deviant,3,6,8,1,7,5,6,3,8,1,7,5
3,6,SS,No_Deviant,5,2,4,6,1,8,5,2,4,6,1,8
3,7,SS,No_Deviant,8,4,7,1,6,3,8,4,1,7,6,3
3,9,SS,No_Deviant,3,6,2,7,5,8,1,6,2,7,5,8
3,10,SS,No_Deviant,2,5,7,4,6,1,2,5,7,4,1,6
3,11,SS,No_Deviant,3,6,2,7,1,4,3,6,2,7,1,4
3,12,SS,No_Deviant,5,2,4,8,3,7,5,2,4,8,3,7
3,13,SS,No_Deviant,8,3,5,1,6,4,8,3,1,4,6,2
3,14,SS,No_Deviant,5,8,3,7,1,6,5,8,3,7,1,6
3,15,SS,No_Deviant,7,5,1,6,4,2,7,5,1,6,4,2
3,16,SS,No_Deviant,4,6,2,8,3,5,4,6,2,8,3,5
3,17,SS,No_Deviant,2,5,8,1,7,3,2,5,8,1,7,3
3,19,SS,No_Deviant,3,8,2,6,1,4,3,8,2,6,1,4
3,20,SS,No_Deviant,7,2,4,8,5,1,2,7,4,8,1,5
3,21,SS,No_Deviant,2,6,3,1,4,7,2,6,3,1,4,7
3,22,SS,No_Deviant,5,7,2,8,1,3,5,7,2,1,8,3
3,23,SS,No_Deviant,4,1,7,3,6,8,4,1,7,6,3,8
3,24,SS,No_Deviant,3,5,2,7,4,6,3,5,2,7,4,6
3,25,SS,No_Deviant,5,1,7,4,8,2,5,1,7,4,8,2
3,26,SS,No_Deviant,3,6,1,8,2,5,3,6,1,8,5,2
3,28,SS,No_Deviant,2,6,8,5,7,3,2,6,8,5,7,4
3,29,SS,No_Deviant,3,7,5,1,8,4,3,7,5,1,8,4
3,30,SS,No_Deviant,5,8,4,6,1,3,5,8,4,6,1,3
3,31,SS,No_Deviant,8,4,7,3,5,2,8,4,7,3,5,2
3,32,SS,No_Deviant,3,6,8,5,1,7,3,6,8,5,1,7
3,33,SS,No_Deviant,2,8,5,7,4,6,2,8,5,7,4,6
3,34,SS,No_Deviant,6,4,7,2,8,5,6,4,7,2,8,5
3,36,SS,No_Deviant,4,2,8,3,6,1,4,2,8,3,6,1
3,37,SS,No_Deviant,8,5,2,4,7,3,5,2,8,4,7,3
3,38,SS,No_Deviant,6,1,8,3,5,2,6,1,8,3,5,2
3,39,SS,No_Deviant,5,8,2,7,4,1,5,8,2,7,4,1
3,40,SS,No_Deviant,6,2,8,3,7,4,6,2,8,3,7,4
3,42,SS,No_Deviant,4,6,2,5,7,1,4,6,2,7,5,1
3,43,SS,No_Deviant,2,8,4,7,1,6,2,8,4,7,1,6
3,44,SS,No_Deviant,5,3,1,6,8,4,5,3,1,6,8,4
3,45,SS,No_Deviant,6,1,7,4,2,8,6,1,7,4,8,2
3,5,SS,With_Deviant,2,7,5,3,8,1,7,1,0,0,0,0
3,8,SS,With_Deviant,4,1,6,8,3,5,4,1,6,8,3,5
3,18,SS,With_Deviant,5,1,4,8,2,6,5,1,4,8,2,6
3,27,SS,With_Deviant,6,2,5,7,3,1,6,2,5,7,3,1
3,35,SS,With_Deviant,8,5,2,6,4,7,8,5,2,6,4,7
3,41,SS,With_Deviant,5,7,4,2,6,8,5,7,4,2,6,8
4,1,CS,No_Deviant,7,4,8,1,5,3,7,8,4,0,0,5
4,2,CS,No_Deviant,3,1,7,4,2,5,3,1,7,0,0,5
4,3,CS,No_Deviant,5,7,1,8,3,6,0,0,0,3,6,8
4,4,CS,No_Deviant,6,2,5,1,4,7,0,0,0,0,4,5
4,6,CS,No_Deviant,8,2,5,7,4,6,8,2,7,5,0,0
4,7,CS,No_Deviant,5,1,7,4,2,8,0,0,4,2,5,8
4,9,CS,No_Deviant,7,4,2,6,1,5,0,0,2,6,0,5
4,10,CS,No_Deviant,2,7,5,1,4,8,0,0,0,0,0,8
4,11,CS,No_Deviant,6,4,7,2,8,3,6,4,7,0,0,0
4,12,CS,No_Deviant,5,7,2,8,1,4,5,7,8,2,0,0
4,13,CS,No_Deviant,8,3,6,2,5,7,8,3,6,2,0,0
4,14,CS,No_Deviant,3,1,7,4,6,8,0,0,0,0,6,8
4,15,CS,No_Deviant,5,7,3,6,2,4,5,7,3,0,0,4
4,16,CS,No_Deviant,8,1,6,3,5,2,8,1,6,0,0,2
4,17,CS,No_Deviant,4,2,8,6,3,7,4,2,8,6,7,3
4,19,CS,No_Deviant,4,2,8,6,3,5,4,2,8,6,0,3
4,20,CS,No_Deviant,2,6,4,8,1,7,4,2,6,8,0,0
4,21,CS,No_Deviant,5,2,7,3,8,4,5,2,3,7,0,4
4,22,CS,No_Deviant,4,6,2,8,5,3,4,2,6,8,3,5
4,23,CS,No_Deviant,3,1,8,5,2,6,0,0,0,5,2,6
4,24,CS,No_Deviant,2,4,7,1,8,5,2,4,7,0,0,8
4,25,CS,No_Deviant,8,1,5,2,6,3,8,5,1,2,6,3
4,26,CS,No_Deviant,4,6,3,7,2,8,4,6,3,0,0,0
4,28,CS,No_Deviant,7,3,1,6,2,5,0,0,0,6,2,5
4,29,CS,No_Deviant,4,8,6,3,7,2,4,8,0,6,7,5
4,30,CS,No_Deviant,3,1,7,5,2,6,3,1,7,5,2,6
4,31,CS,No_Deviant,6,2,8,1,4,7,6,2,1,8,7,0
4,32,CS,No_Deviant,4,6,3,7,1,5,4,3,6,0,1,5
4,33,CS,No_Deviant,5,3,6,4,2,8,0,0,0,4,2,8
4,34,CS,No_Deviant,6,8,4,7,1,3,0,1,0,7,1,3
4,36,CS,No_Deviant,5,2,8,1,7,4,0,0,8,1,7,4
4,37,CS,No_Deviant,8,5,1,7,3,6,8,5,0,0,3,6
4,38,CS,No_Deviant,3,7,4,2,6,8,0,0,7,4,2,6
4,39,CS,No_Deviant,5,2,7,3,1,6,0,0,0,7,1,6
4,40,CS,No_Deviant,4,7,2,6,8,3,4,2,7,6,0,3
4,42,CS,No_Deviant,4,7,3,8,5,2,0,0,0,0,5,2
4,43,CS,No_Deviant,5,3,7,2,4,1,0,0,0,2,4,1
4,44,CS,No_Deviant,4,1,8,6,2,5,4,1,6,8,2,5
4,45,CS,No_Deviant,6,2,4,7,3,1,0,0,0,0,3,1
4,5,CS,With_Deviant,5,8,1,4,7,2,5,8,1,0,0,0
4,8,CS,With_Deviant,2,7,4,1,5,3,2,7,4,1,0,0
4,18,CS,With_Deviant,5,3,7,1,4,6,5,3,7,1,0,0
4,27,CS,With_Deviant,6,2,8,3,5,1,0,0,0,3,5,1
4,35,CS,With_Deviant,4,7,2,5,3,6,4,2,7,5,3,6
4,41,CS,With_Deviant,5,3,7,4,2,8,5,7,3,0,6,8
4,1,SS,No_Deviant,2,5,1,8,4,6,0,0,0,8,4,6
4,2,SS,No_Deviant,7,1,4,2,6,8,7,4,6,1,2,8
4,3,SS,No_Deviant,8,5,2,6,3,7,0,0,6,2,3,7
4,4,SS,No_Deviant,3,6,8,1,7,5,0,0,0,1,7,5
4,6,SS,No_Deviant,5,2,4,6,1,8,0,0,0,0,1,8
4,7,SS,No_Deviant,8,4,7,1,6,3,0,0,0,0,6,3
4,9,SS,No_Deviant,3,6,2,7,5,8,0,0,0,7,5,8
4,10,SS,No_Deviant,2,5,7,4,6,1,2,7,5,4,0,0
4,11,SS,No_Deviant,3,6,2,7,1,4,3,2,6,7,0,0
4,12,SS,No_Deviant,5,2,4,8,3,7,5,2,3,4,8,7
4,13,SS,No_Deviant,8,3,5,1,6,4,8,3,1,5,0,4
4,14,SS,No_Deviant,5,8,3,7,1,6,0,0,0,7,1,6
4,15,SS,No_Deviant,7,5,1,6,4,2,0,0,0,0,4,2
4,16,SS,No_Deviant,4,6,2,8,3,5,4,2,2,8,3,5
4,17,SS,No_Deviant,2,5,8,1,7,3,0,0,0,0,0,3
4,19,SS,No_Deviant,3,8,2,6,1,4,0,0,0,6,1,4
4,20,SS,No_Deviant,7,2,4,8,5,1,0,0,0,8,5,1
4,21,SS,No_Deviant,2,6,3,1,4,7,0,0,0,4,1,7
4,22,SS,No_Deviant,5,7,2,8,1,3,0,0,0,8,1,3
4,23,SS,No_Deviant,4,1,7,3,6,8,0,0,0,3,6,8
4,24,SS,No_Deviant,3,5,2,7,4,6,0,0,0,7,4,6
4,25,SS,No_Deviant,5,1,7,4,8,2,0,0,0,4,8,2
4,26,SS,No_Deviant,3,6,1,8,2,5,0,0,1,8,2,5
4,28,SS,No_Deviant,2,6,8,5,7,3,0,0,0,5,7,3
4,29,SS,No_Deviant,3,7,5,1,8,4,5,3,8,4,0,0
4,30,SS,No_Deviant,5,8,4,6,1,3,5,6,8,1,4,3
4,31,SS,No_Deviant,8,4,7,3,5,2,8,4,7,3,5,2
4,32,SS,No_Deviant,3,6,8,5,1,7,0,0,0,5,1,7
4,33,SS,No_Deviant,2,8,5,7,4,6,0,0,0,0,4,6
4,34,SS,No_Deviant,6,4,7,2,8,5,0,0,0,0,8,5
4,36,SS,No_Deviant,4,2,8,3,6,1,0,0,0,6,1,0
4,37,SS,No_Deviant,8,5,2,4,7,3,8,2,5,4,7,3
4,38,SS,No_Deviant,6,1,8,3,5,2,6,1,8,3,5,2
4,39,SS,No_Deviant,5,8,2,7,4,1,0,0,2,7,4,1
4,40,SS,No_Deviant,6,2,8,3,7,4,6,8,2,7,0,4
4,42,SS,No_Deviant,4,6,2,5,7,1,0,0,0,5,7,1
4,43,SS,No_Deviant,2,8,4,7,1,6,0,0,0,0,0,6
4,44,SS,No_Deviant,5,3,1,6,8,4,0,0,0,0,8,4
4,45,SS,No_Deviant,6,1,7,4,2,8,6,7,1,4,0,0
4,5,SS,With_Deviant,2,7,5,3,8,1,6,1,7,0,0,0
4,8,SS,With_Deviant,4,1,6,8,3,5,4,1,6,3,8,5
4,18,SS,With_Deviant,5,1,4,8,2,6,0,0,0,0,2,6
4,27,SS,With_Deviant,6,2,5,7,3,1,0,0,0,7,3,1
4,35,SS,With_Deviant,8,5,2,6,4,7,0,0,2,6,4,7
4,41,SS,With_Deviant,5,7,4,2,6,8,0,0,0,2,6,8
5,1,CS,No_Deviant,7,4,8,1,5,3,7,8,2,4,6,1
5,2,CS,No_Deviant,3,1,7,4,2,5,3,7,1,4,5,2
5,3,CS,No_Deviant,5,7,1,8,3,6,5,7,1,4,3,2
5,4,CS,No_Deviant,6,2,5,1,4,7,6,2,5,4,7,1
5,6,CS,No_Deviant,8,2,5,7,4,6,8,2,4,5,7,1
5,7,CS,No_Deviant,5,1,7,4,2,8,5,7,1,4,2,8
5,9,CS,No_Deviant,7,4,2,6,1,5,7,4,2,6,1,5
5,10,CS,No_Deviant,2,7,5,1,4,8,6,7,2,4,5,8
5,11,CS,No_Deviant,6,4,7,2,8,3,6,4,2,7,3,8
5,12,CS,No_Deviant,5,7,2,8,1,4,5,7,2,8,4,1
5,13,CS,No_Deviant,8,3,6,2,5,7,8,6,3,2,4,8
5,14,CS,No_Deviant,3,1,7,4,6,8,3,7,1,4,6,8
5,15,CS,No_Deviant,5,7,3,6,2,4,6,4,7,5,3,8
5,16,CS,No_Deviant,8,1,6,3,5,2,8,1,6,3,5,7
5,17,CS,No_Deviant,4,2,8,6,3,7,4,2,6,8,7,3
5,19,CS,No_Deviant,4,2,8,6,3,5,4,2,6,8,7,3
5,20,CS,No_Deviant,2,6,4,8,1,7,2,4,6,8,7,3
5,21,CS,No_Deviant,5,2,7,3,8,4,5,7,3,8,4,2
5,22,CS,No_Deviant,4,6,2,8,5,3,4,6,2,8,5,7
5,23,CS,No_Deviant,3,1,8,5,2,6,3,5,1,8,6,2
5,24,CS,No_Deviant,2,4,7,1,8,5,6,7,2,4,8,5
5,25,CS,No_Deviant,8,1,5,2,6,3,8,7,3,5,1,2
5,26,CS,No_Deviant,4,6,3,7,2,8,4,6,3,7,2,8
5,28,CS,No_Deviant,7,3,1,6,2,5,7,3,1,6,5,2
5,29,CS,No_Deviant,4,8,6,3,7,2,4,8,6,7,3,2
5,30,CS,No_Deviant,3,1,7,5,2,6,3,6,1,7,5,3
5,31,CS,No_Deviant,6,2,8,1,4,7,6,2,8,4,7,1
5,32,CS,No_Deviant,4,6,3,7,1,5,6,4,1,7,5,3
5,33,CS,No_Deviant,5,3,6,4,2,8,5,7,3,6,1,2
5,34,CS,No_Deviant,6,8,4,7,1,3,6,8,4,7,1,3
5,36,CS,No_Deviant,5,2,8,1,7,4,5,2,8,7,1,4
5,37,CS,No_Deviant,8,5,1,7,3,6,8,7,5,6,1,4
5,38,CS,No_Deviant,3,7,4,2,6,8,7,3,4,6,8,2
5,39,CS,No_Deviant,5,2,7,3,1,6,5,7,2,3,1,8
5,40,CS,No_Deviant,4,7,2,6,8,3,4,7,6,8,4,3
5,42,CS,No_Deviant,4,7,3,8,5,2,4,7,8,6,5,6
5,43,CS,No_Deviant,5,3,7,2,4,1,5,3,7,4,2,1
5,44,CS,No_Deviant,4,1,8,6,2,5,4,1,8,6,2,5
5,45,CS,No_Deviant,6,2,4,7,3,1,6,2,4,7,3,1
5,5,CS,With_Deviant,5,8,1,4,7,2,5,8,1,7,4,2
5,8,CS,With_Deviant,2,7,4,1,5,3,4,7,2,6,8,1
5,18,CS,With_Deviant,5,3,7,1,4,6,5,7,3,1,4,6
5,27,CS,With_Deviant,6,2,8,3,5,1,6,2,8,5,3,7
5,35,CS,With_Deviant,4,7,2,5,3,6,4,6,7,5,1,2
5,41,CS,With_Deviant,5,3,7,4,2,8,5,3,7,4,2,8
5,1,SS,No_Deviant,2,5,1,8,4,6,2,5,1,6,8,4
5,2,SS,No_Deviant,7,1,4,2,6,8,7,2,4,6,1,8
5,3,SS,No_Deviant,8,5,2,6,3,7,8,5,2,6,3,7
5,4,SS,No_Deviant,3,6,8,1,7,5,6,3,7,8,1,5
5,6,SS,No_Deviant,5,2,4,6,1,8,6,4,2,8,5,1
5,7,SS,No_Deviant,8,4,7,1,6,3,8,4,7,3,2,1
5,9,SS,No_Deviant,3,6,2,7,5,8,3,5,6,7,2,9
5,10,SS,No_Deviant,2,5,7,4,6,1,7,2,5,4,6,1
5,11,SS,No_Deviant,3,6,2,7,1,4,3,6,2,7,4,1
5,12,SS,No_Deviant,5,2,4,8,3,7,5,2,4,8,3,7
5,13,SS,No_Deviant,8,3,5,1,6,4,8,3,5,6,4,1
5,14,SS,No_Deviant,5,8,3,7,1,6,5,8,3,7,2,1
5,15,SS,No_Deviant,7,5,1,6,4,2,7,5,1,3,4,2
5,16,SS,No_Deviant,4,6,2,8,3,5,4,6,2,8,5,3
5,17,SS,No_Deviant,2,5,8,1,7,3,4,3,8,7,2,1
5,19,SS,No_Deviant,3,8,2,6,1,4,3,8,6,4,2,1
5,20,SS,No_Deviant,7,2,4,8,5,1,7,6,2,8,4,3
5,21,SS,No_Deviant,2,6,3,1,4,7,6,3,1,4,7,2
5,22,SS,No_Deviant,5,7,2,8,1,3,5,7,2,8,3,1
5,23,SS,No_Deviant,4,1,7,3,6,8,4,6,1,7,3,8
5,24,SS,No_Deviant,3,5,2,7,4,6,3,5,2,7,4,6
5,25,SS,No_Deviant,5,1,7,4,8,2,5,7,4,1,8,2
5,26,SS,No_Deviant,3,6,1,8,2,5,3,6,1,8,2,5
5,28,SS,No_Deviant,2,6,8,5,7,3,6,2,8,5,7,3
5,29,SS,No_Deviant,3,7,5,1,8,4,7,3,5,8,2,4
5,30,SS,No_Deviant,5,8,4,6,1,3,5,8,6,4,2,1
5,31,SS,No_Deviant,8,4,7,3,5,2,8,6,4,2,7,3
5,32,SS,No_Deviant,3,6,8,5,1,7,6,3,8,5,7,2
5,33,SS,No_Deviant,2,8,5,7,4,6,8,5,2,6,7,4
5,34,SS,No_Deviant,6,4,7,2,8,5,6,5,2,7,4,1
5,36,SS,No_Deviant,4,2,8,3,6,1,4,2,8,6,3,1
5,37,SS,No_Deviant,8,5,2,4,7,3,8,5,4,7,1,3
5,38,SS,No_Deviant,6,1,8,3,5,2,3,8,4,6,1,2
5,39,SS,No_Deviant,5,8,2,7,4,1,5,8,2,7,3,1
5,40,SS,No_Deviant,6,2,8,3,7,4,6,2,8,7,3,4
5,42,SS,No_Deviant,4,6,2,5,7,1,6,4,2,7,5,1
5,43,SS,No_Deviant,2,8,4,7,1,6,8,2,4,7,5,6
5,44,SS,No_Deviant,5,3,1,6,8,4,5,3,1,6,8,4
5,45,SS,No_Deviant,6,1,7,4,2,8,6,7,1,4,8,2
5,5,SS,With_Deviant,2,7,5,3,8,1,2,4,3,5,8,2
5,8,SS,With_Deviant,4,1,6,8,3,5,8,6,1,4,7,3
5,18,SS,With_Deviant,5,1,4,8,2,6,4,2,5,8,3,6
5,27,SS,With_Deviant,6,2,5,7,3,1,6,5,2,7,3,1
5,35,SS,With_Deviant,8,5,2,6,4,7,8,6,4,2,7,3
5,41,SS,With_Deviant,5,7,4,2,6,8,5,7,4,8,3,6
6,1,CS,No_Deviant,7,4,8,1,5,3,7,8,4,1,5,2
6,2,CS,No_Deviant,3,1,7,4,2,5,7,3,1,4,8,5
6,3,CS,No_Deviant,5,7,1,8,3,6,7,1,5,8,3,6
6,4,CS,No_Deviant,6,2,5,1,4,7,6,1,5,8,2,4
6,6,CS,No_Deviant,8,2,5,7,4,6,8,2,5,7,4,6
6,7,CS,No_Deviant,5,1,7,4,2,8,5,1,7,8,2,4
6,9,CS,No_Deviant,7,4,2,6,1,5,7,4,2,6,1,5
6,10,CS,No_Deviant,2,7,5,1,4,8,7,2,6,4,1,5
6,11,CS,No_Deviant,6,4,7,2,8,3,6,4,7,8,2,5
6,12,CS,No_Deviant,5,7,2,8,1,4,6,5,3,8,1,4
6,13,CS,No_Deviant,8,3,6,2,5,7,8,2,3,7,4,5
6,14,CS,No_Deviant,3,1,7,4,6,8,3,1,7,8,9,4
6,15,CS,No_Deviant,5,7,3,6,2,4,7,8,3,4,2,6
6,16,CS,No_Deviant,8,1,6,3,5,2,8,1,5,2,6,4
6,17,CS,No_Deviant,4,2,8,6,3,7,8,4,2,6,1,5
6,19,CS,No_Deviant,4,2,8,6,3,5,4,2,6,8,3,5
6,20,CS,No_Deviant,2,6,4,8,1,7,2,4,6,8,1,7
6,21,CS,No_Deviant,5,2,7,3,8,4,5,2,3,7,1,8
6,22,CS,No_Deviant,4,6,2,8,5,3,4,6,2,8,3,5
6,23,CS,No_Deviant,3,1,8,5,2,6,3,1,8,5,2,6
6,24,CS,No_Deviant,2,4,7,1,8,5,2,7,4,1,8,5
6,25,CS,No_Deviant,8,1,5,2,6,3,8,1,2,5,6,3
6,26,CS,No_Deviant,4,6,3,7,2,8,4,6,7,3,2,8
6,28,CS,No_Deviant,7,3,1,6,2,5,7,1,3,5,2,6
6,29,CS,No_Deviant,4,8,6,3,7,2,8,4,6,3,7,2
6,30,CS,No_Deviant,3,1,7,5,2,6,3,1,7,5,2,6
6,31,CS,No_Deviant,6,2,8,1,4,7,6,8,2,1,4,7
6,32,CS,No_Deviant,4,6,3,7,1,5,4,6,3,7,1,5
6,33,CS,No_Deviant,5,3,6,4,2,8,5,6,3,4,2,8
6,34,CS,No_Deviant,6,8,4,7,1,3,6,8,4,7,1,3
6,36,CS,No_Deviant,5,2,8,1,7,4,5,2,8,1,7,4
6,37,CS,No_Deviant,8,5,1,7,3,6,8,5,1,7,3,6
6,38,CS,No_Deviant,3,7,4,2,6,8,3,7,4,2,6,8
6,39,CS,No_Deviant,5,2,7,3,1,6,5,2,7,3,1,6
6,40,CS,No_Deviant,4,7,2,6,8,3,4,7,2,6,8,3
6,42,CS,No_Deviant,4,7,3,8,5,2,7,4,3,2,8,5
6,43,CS,No_Deviant,5,3,7,2,4,1,5,7,3,4,2,1
6,44,CS,No_Deviant,4,1,8,6,2,5,4,1,8,6,2,5
6,45,CS,No_Deviant,6,2,4,7,3,1,6,2,4,7,3,1
6,5,CS,With_Deviant,5,8,1,4,7,2,5,1,8,7,3,4
6,8,CS,With_Deviant,2,7,4,1,5,3,7,1,4,5,2,3
6,18,CS,With_Deviant,5,3,7,1,4,6,7,1,3,5,4,6
6,27,CS,With_Deviant,6,2,8,3,5,1,6,8,2,5,3,1
6,35,CS,With_Deviant,4,7,2,5,3,6,4,7,2,3,5,6
6,41,CS,With_Deviant,5,3,7,4,2,8,5,3,7,4,2,8
6,1,SS,No_Deviant,2,5,1,8,4,6,5,2,1,8,4,6
6,2,SS,No_Deviant,7,1,4,2,6,8,4,7,1,5,6,8
6,3,SS,No_Deviant,8,5,2,6,3,7,8,5,2,6,3,7
6,4,SS,No_Deviant,3,6,8,1,7,5,3,6,8,1,5,7
6,6,SS,No_Deviant,5,2,4,6,1,8,2,4,6,5,1,8
6,7,SS,No_Deviant,8,4,7,1,6,3,8,4,7,1,6,3
6,9,SS,No_Deviant,3,6,2,7,5,8,6,3,2,7,5,8
6,10,SS,No_Deviant,2,5,7,4,6,1,2,5,7,4,6,1
6,11,SS,No_Deviant,3,6,2,7,1,4,2,6,3,7,4,1
6,12,SS,No_Deviant,5,2,4,8,3,7,5,2,4,8,3,7
6,13,SS,No_Deviant,8,3,5,1,6,4,8,5,3,1,6,4
6,14,SS,No_Deviant,5,8,3,7,1,6,5,8,3,7,1,6
6,15,SS,No_Deviant,7,5,1,6,4,2,7,5,1,6,4,2
6,16,SS,No_Deviant,4,6,2,8,3,5,4,6,2,8,3,5
6,17,SS,No_Deviant,2,5,8,1,7,3,8,5,2,1,7,4
6,19,SS,No_Deviant,3,8,2,6,1,4,8,6,2,3,1,4
6,20,SS,No_Deviant,7,2,4,8,5,1,7,2,4,8,5,1
6,21,SS,No_Deviant,2,6,3,1,4,7,2,6,3,1,4,7
6,22,SS,No_Deviant,5,7,2,8,1,3,7,5,2,1,8,3
6,23,SS,No_Deviant,4,1,7,3,6,8,4,7,1,3,6,8
6,24,SS,No_Deviant,3,5,2,7,4,6,3,5,2,7,4,6
6,25,SS,No_Deviant,5,1,7,4,8,2,5,1,7,4,8,2
6,26,SS,No_Deviant,3,6,1,8,2,5,6,3,1,8,2,5
6,28,SS,No_Deviant,2,6,8,5,7,3,6,2,8,5,7,3
6,29,SS,No_Deviant,3,7,5,1,8,4,3,7,5,1,8,4
6,30,SS,No_Deviant,5,8,4,6,1,3,8,5,4,6,1,3
6,31,SS,No_Deviant,8,4,7,3,5,2,8,4,7,3,5,2
6,32,SS,No_Deviant,3,6,8,5,1,7,3,4,8,5,1,7
6,33,SS,No_Deviant,2,8,5,7,4,6,2,8,5,7,4,6
6,34,SS,No_Deviant,6,4,7,2,8,5,6,4,7,2,8,5
6,36,SS,No_Deviant,4,2,8,3,6,1,8,4,2,3,6,1
6,37,SS,No_Deviant,8,5,2,4,7,3,8,5,2,4,7,3
6,38,SS,No_Deviant,6,1,8,3,5,2,6,1,2,4,5,3
6,39,SS,No_Deviant,5,8,2,7,4,1,5,8,2,7,4,1
6,40,SS,No_Deviant,6,2,8,3,7,4,6,8,2,3,7,4
6,42,SS,No_Deviant,4,6,2,5,7,1,4,2,6,5,7,1
6,43,SS,No_Deviant,2,8,4,7,1,6,8,2,4,7,1,6
6,44,SS,No_Deviant,5,3,1,6,8,4,5,1,3,6,8,4
6,45,SS,No_Deviant,6,1,7,4,2,8,6,1,7,4,2,8
6,5,SS,With_Deviant,2,7,5,3,8,1,2,7,5,3,8,1
6,8,SS,With_Deviant,4,1,6,8,3,5,4,1,6,8,5,3
6,18,SS,With_Deviant,5,1,4,8,2,6,5,1,4,8,2,6
6,27,SS,With_Deviant,6,2,5,7,3,1,6,2,5,7,3,1
6,35,SS,With_Deviant,8,5,2,6,4,7,8,5,2,6,7,4
6,41,SS,With_Deviant,5,7,4,2,6,8,5,7,4,2,6,8
7,1,CS,No_Deviant,5,3,7,2,4,1,5,3,7,4,6,2
7,2,CS,No_Deviant,7,3,1,6,2,5,7,3,1,8,4,2
7,3,CS,No_Deviant,3,1,7,5,2,6,3,7,1,5,2,6
7,4,CS,No_Deviant,5,7,3,6,2,4,5,7,3,6,5,1
7,6,CS,No_Deviant,4,8,6,3,7,2,6,4,8,7,5,2
7,7,CS,No_Deviant,5,3,6,4,2,8,5,3,6,4,8,2
7,9,CS,No_Deviant,8,3,6,2,5,7,8,3,6,2,5,4
7,10,CS,No_Deviant,5,7,2,8,1,4,5,7,2,8,4,3
7,11,CS,No_Deviant,3,7,4,2,6,8,3,7,4,2,6,5
7,12,CS,No_Deviant,4,6,3,7,2,8,4,6,9,7,5,2
7,13,CS,No_Deviant,6,4,7,2,8,3,6,4,7,2,5,8
7,14,CS,No_Deviant,8,2,5,7,4,6,8,2,5,1,4,7
7,15,CS,No_Deviant,7,4,2,6,1,5,7,4,2,6,1,5
7,16,CS,No_Deviant,3,1,8,5,2,6,8,1,3,5,6,4
7,17,CS,No_Deviant,4,6,3,7,1,5,4,6,7,3,1,5
7,19,CS,No_Deviant,5,2,7,3,8,4,5,2,7,3,4,8
7,20,CS,No_Deviant,5,2,8,1,7,4,5,2,8,7,1,4
7,21,CS,No_Deviant,8,1,5,2,6,3,8,5,1,4,6,3
7,22,CS,No_Deviant,4,2,8,6,3,5,4,2,8,6,3,1
7,23,CS,No_Deviant,2,7,5,1,4,8,2,7,5,1,4,8
7,24,CS,No_Deviant,4,6,2,8,5,3,4,6,2,8,5,3
7,25,CS,No_Deviant,4,7,2,6,8,3,4,7,6,2,5,3
7,26,CS,No_Deviant,5,1,7,4,2,8,5,7,1,4,3,2
7,28,CS,No_Deviant,6,2,4,7,3,1,4,5,1,3,2,7
7,29,CS,No_Deviant,5,2,7,3,1,6,5,3,7,2,4,8
7,30,CS,No_Deviant,8,1,6,3,5,2,8,6,1,2,3,7
7,31,CS,No_Deviant,6,2,5,1,4,7,5,6,1,3,4,8
7,32,CS,No_Deviant,6,2,8,1,4,7,6,2,8,5,7,1
7,33,CS,No_Deviant,6,8,4,7,1,3,6,8,4,7,5,1
7,34,CS,No_Deviant,3,1,7,4,2,5,4,5,7,8,1,3
7,36,CS,No_Deviant,5,7,1,8,3,6,5,7,1,6,8,2
7,37,CS,No_Deviant,3,1,7,4,6,8,3,1,7,6,8,5
7,38,CS,No_Deviant,4,7,3,8,5,2,4,7,3,8,5,1
7,39,CS,No_Deviant,7,4,8,1,5,3,7,8,4,5,1,3
7,40,CS,No_Deviant,4,1,8,6,2,5,4,8,1,8,5,6
7,42,CS,No_Deviant,2,6,4,8,1,7,8,4,1,3,6,7
7,43,CS,No_Deviant,8,5,1,7,3,6,8,5,1,7,4,6
7,44,CS,No_Deviant,2,4,7,1,8,5,2,4,7,1,5,8
7,45,CS,No_Deviant,4,2,8,6,3,7,4,2,8,6,5,1
7,5,CS,With_Deviant,4,7,2,5,3,6,4,7,2,5,6,3
7,8,CS,With_Deviant,5,3,7,4,2,8,5,3,7,8,6,4
7,18,CS,With_Deviant,2,7,4,1,5,3,4,7,6,4,5,3
7,27,CS,With_Deviant,6,2,8,3,5,1,6,4,8,5,3,1
7,35,CS,With_Deviant,5,8,1,4,7,2,5,8,1,6,4,7
7,41,CS,With_Deviant,5,3,7,1,4,6,5,3,7,6,4,1
7,1,SS,No_Deviant,4,1,7,3,6,8,4,7,1,3,0,8
7,2,SS,No_Deviant,5,2,4,6,1,8,5,4,3,6,2,1
7,3,SS,No_Deviant,8,3,5,1,6,4,8,5,6,3,1,2
7,4,SS,No_Deviant,3,6,2,7,1,4,3,6,2,7,1,4
7,6,SS,No_Deviant,2,5,8,1,7,3,2,5,8,6,7,1
7,7,SS,No_Deviant,6,1,7,4,2,8,6,4,1,7,2,8
7,9,SS,No_Deviant,5,7,2,8,1,3,5,7,2,6,8,1
7,10,SS,No_Deviant,7,1,4,2,6,8,7,4,1,2,6,8
7,11,SS,No_Deviant,4,2,8,3,6,1,4,2,8,6,1,4
7,12,SS,No_Deviant,2,8,5,7,4,6,2,8,5,7,4,6
7,13,SS,No_Deviant,8,4,7,3,5,2,8,4,7,5,2,3
7,14,SS,No_Deviant,3,7,5,1,8,4,3,7,5,1,4,8
7,15,SS,No_Deviant,5,2,4,8,3,7,5,4,8,3,2,7
7,16,SS,No_Deviant,3,5,2,7,4,6,3,5,2,7,4,1
7,17,SS,No_Deviant,6,4,7,2,8,5,3,6,4,2,5,8
7,19,SS,No_Deviant,4,6,2,8,3,5,2,6,3,5,8,4
7,20,SS,No_Deviant,2,5,7,4,6,1,2,5,7,1,4,6
7,21,SS,No_Deviant,3,6,8,5,1,7,3,6,8,5,1,7
7,22,SS,No_Deviant,8,4,7,1,6,3,8,1,7,3,5,4
7,23,SS,No_Deviant,3,6,8,1,7,5,3,6,8,1,7,5
7,24,SS,No_Deviant,7,2,4,8,5,1,7,2,4,8,5,1
7,25,SS,No_Deviant,3,8,2,6,1,4,3,2,8,6,4,1
7,26,SS,No_Deviant,5,1,7,4,8,2,5,7,1,4,8,2
7,28,SS,No_Deviant,5,3,1,6,8,4,5,3,1,6,8,4
7,29,SS,No_Deviant,8,5,2,4,7,3,8,5,2,4,1,6
7,30,SS,No_Deviant,5,8,4,6,1,3,5,8,4,6,3,1
7,31,SS,No_Deviant,2,6,8,5,7,3,6,8,5,2,3,4
7,32,SS,No_Deviant,3,6,2,7,5,8,3,6,2,7,5,8
7,33,SS,No_Deviant,6,1,8,3,5,2,3,6,1,5,8,2
7,34,SS,No_Deviant,3,6,1,8,2,5,3,6,1,8,2,5
7,36,SS,No_Deviant,5,8,2,7,4,1,5,8,2,7,3,4
7,37,SS,No_Deviant,2,8,4,7,1,6,2,8,4,7,1,3
7,38,SS,No_Deviant,7,5,1,6,4,2,7,5,1,6,4,2
7,39,SS,No_Deviant,5,8,3,7,1,6,5,8,3,1,7,4
7,40,SS,No_Deviant,4,6,2,5,7,1,4,6,8,7,5,3
7,42,SS,No_Deviant,6,2,8,3,7,4,6,2,4,8,5,4
7,43,SS,No_Deviant,2,6,3,1,4,7,6,2,3,-9,7,4
7,44,SS,No_Deviant,2,5,1,8,4,6,2,5,1,8,6,4
7,45,SS,No_Deviant,8,5,2,6,3,7,8,5,2,6,3,7
7,5,SS,With_Deviant,6,2,5,7,3,1,6,2,5,7,3,1
7,8,SS,With_Deviant,4,1,6,8,3,5,4,1,6,8,5,2
7,18,SS,With_Deviant,2,7,5,3,8,1,2,7,5,-9,3,5
7,27,SS,With_Deviant,5,1,4,8,2,6,5,4,1,8,7,3
7,35,SS,With_Deviant,8,5,2,6,4,7,8,5,2,6,4,7
7,41,SS,With_Deviant,5,7,4,2,6,8,8,5,7,6,4,2
8,1,CS,No_Deviant,7,4,8,1,5,3,7,4,8,1,5,6
8,2,CS,No_Deviant,3,1,7,4,2,5,3,1,7,5,4,0
8,3,CS,No_Deviant,5,7,1,8,3,6,5,7,1,3,8,0
8,4,CS,No_Deviant,6,2,5,1,4,7,6,2,5,1,4,7
8,6,CS,No_Deviant,8,2,5,7,4,6,8,2,5,7,4,6
8,7,CS,No_Deviant,5,1,7,4,2,8,8,5,1,4,7,6
8,9,CS,No_Deviant,7,4,2,6,1,5,7,4,1,1,6,0
8,10,CS,No_Deviant,2,7,5,1,4,8,2,7,5,4,1,0
8,11,CS,No_Deviant,6,4,7,2,8,3,6,4,7,2,8,3
8,12,CS,No_Deviant,5,7,2,8,1,4,5,7,2,1,4,8
8,13,CS,No_Deviant,8,3,6,2,5,7,3,-9,6,5,4,8
8,14,CS,No_Deviant,3,1,7,4,6,8,3,1,7,4,8,5
8,15,CS,No_Deviant,5,7,3,6,2,4,5,7,3,6,2,1
8,16,CS,No_Deviant,8,1,6,3,5,2,8,1,6,4,3,2
8,17,CS,No_Deviant,4,2,8,6,3,7,4,2,8,6,3,0
8,19,CS,No_Deviant,4,2,8,6,3,5,4,2,5,6,1,3
8,20,CS,No_Deviant,2,6,4,8,1,7,2,6,4,8,1,7
8,21,CS,No_Deviant,5,2,7,3,8,4,5,2,7,3,4,8
8,22,CS,No_Deviant,4,6,2,8,5,3,4,2,6,8,3,5
8,23,CS,No_Deviant,3,1,8,5,2,6,3,5,8,1,6,0
8,24,CS,No_Deviant,2,4,7,1,8,5,2,4,7,1,5,8
8,25,CS,No_Deviant,8,1,5,2,6,3,5,8,1,6,4,3
8,26,CS,No_Deviant,4,6,3,7,2,8,4,6,3,7,2,5
8,28,CS,No_Deviant,7,3,1,6,2,5,7,3,1,6,2,4
8,29,CS,No_Deviant,4,8,6,3,7,2,4,6,0,3,7,0
8,30,CS,No_Deviant,3,1,7,5,2,6,3,1,7,5,2,0
8,31,CS,No_Deviant,6,2,8,1,4,7,3,2,4,8,5,4
8,32,CS,No_Deviant,4,6,3,7,1,5,4,6,3,7,5,1
8,33,CS,No_Deviant,5,3,6,4,2,8,5,3,6,7,2,1
8,34,CS,No_Deviant,6,8,4,7,1,3,6,8,4,1,7,3
8,36,CS,No_Deviant,5,2,8,1,7,4,5,2,8,0,7,4
8,37,CS,No_Deviant,8,5,1,7,3,6,8,5,4,1,3,7
8,38,CS,No_Deviant,3,7,4,2,6,8,3,7,4,2,1,6
8,39,CS,No_Deviant,5,2,7,3,1,6,5,2,7,1,3,6
8,40,CS,No_Deviant,4,7,2,6,8,3,4,7,2,6,3,8
8,42,CS,No_Deviant,4,7,3,8,5,2,4,3,7,8,0,6
8,43,CS,No_Deviant,5,3,7,2,4,1,5,3,7,2,4,1
8,44,CS,No_Deviant,4,1,8,6,2,5,4,1,8,6,2,5
8,45,CS,No_Deviant,6,2,4,7,3,1,6,2,7,7,3,1
8,5,CS,With_Deviant,5,8,1,4,7,2,5,8,1,4,7,0
8,8,CS,With_Deviant,2,7,4,1,5,3,2,7,4,1,5,3
8,18,CS,With_Deviant,5,3,7,1,4,6,5,3,1,1,8,0
8,27,CS,With_Deviant,6,2,8,3,5,1,6,2,8,5,3,1
8,35,CS,With_Deviant,4,7,2,5,3,6,4,1,7,2,5,3
8,41,CS,With_Deviant,5,3,7,4,2,8,5,3,7,4,6,8
8,1,SS,No_Deviant,2,5,1,8,4,6,2,7,5,4,1,6
8,2,SS,No_Deviant,7,1,4,2,6,8,7,1,4,5,6,8
8,3,SS,No_Deviant,8,5,2,6,3,7,8,5,2,3,6,1
8,4,SS,No_Deviant,3,6,8,1,7,5,3,6,8,5,1,7
8,6,SS,No_Deviant,5,2,4,6,1,8,5,2,4,6,1,3
8,7,SS,No_Deviant,8,4,7,1,6,3,8,4,7,1,3,6
8,9,SS,No_Deviant,3,6,2,7,5,8,3,6,2,7,5,8
8,10,SS,No_Deviant,2,5,7,4,6,1,2,5,7,4,8,6
8,11,SS,No_Deviant,3,6,2,7,1,4,3,6,2,7,1,4
8,12,SS,No_Deviant,5,2,4,8,3,7,5,2,4,7,3,1
8,13,SS,No_Deviant,8,3,5,1,6,4,8,3,1,5,4,6
8,14,SS,No_Deviant,5,8,3,7,1,6,5,8,3,7,1,6
8,15,SS,No_Deviant,7,5,1,6,4,2,7,1,5,6,3,0
8,16,SS,No_Deviant,4,6,2,8,3,5,4,6,2,8,0,7
8,17,SS,No_Deviant,2,5,8,1,7,3,2,5,4,8,1,7
8,19,SS,No_Deviant,3,8,2,6,1,4,3,8,1,2,5,6
8,20,SS,No_Deviant,7,2,4,8,5,1,7,2,4,5,8,1
8,21,SS,No_Deviant,2,6,3,1,4,7,2,6,3,1,4,7
8,22,SS,No_Deviant,5,7,2,8,1,3,5,7,2,8,1,3
8,23,SS,No_Deviant,4,1,7,3,6,8,4,1,7,3,6,8
8,24,SS,No_Deviant,3,5,2,7,4,6,3,5,7,2,4,6
8,25,SS,No_Deviant,5,1,7,4,8,2,5,1,7,4,8,2
8,26,SS,No_Deviant,3,6,1,8,2,5,4,6,3,1,8,2
8,28,SS,No_Deviant,2,6,8,5,7,3,2,6,8,5,3,7
8,29,SS,No_Deviant,3,7,5,1,8,4,3,7,5,8,1,4
8,30,SS,No_Deviant,5,8,4,6,1,3,3,8,4,6,5,1
8,31,SS,No_Deviant,8,4,7,3,5,2,8,4,7,3,1,5
8,32,SS,No_Deviant,3,6,8,5,1,7,3,6,8,5,1,7
8,33,SS,No_Deviant,2,8,5,7,4,6,2,8,5,7,4,1
8,34,SS,No_Deviant,6,4,7,2,8,5,6,4,7,2,5,8
8,36,SS,No_Deviant,4,2,8,3,6,1,4,2,8,3,6,1
8,37,SS,No_Deviant,8,5,2,4,7,3,8,5,2,4,7,1
8,38,SS,No_Deviant,6,1,8,3,5,2,6,1,8,3,5,2
8,39,SS,No_Deviant,5,8,2,7,4,1,5,8,2,7,4,1
8,40,SS,No_Deviant,6,2,8,3,7,4,6,2,8,3,4,7
8,42,SS,No_Deviant,4,6,2,5,7,1,4,6,2,5,7,1
8,43,SS,No_Deviant,2,8,4,7,1,6,6,8,2,4,7,6
8,44,SS,No_Deviant,5,3,1,6,8,4,5,3,1,6,0,4
8,45,SS,No_Deviant,6,1,7,4,2,8,6,1,7,4,3,2
8,5,SS,With_Deviant,2,7,5,3,8,1,2,7,5,3,8,1
8,8,SS,With_Deviant,4,1,6,8,3,5,4,1,6,3,5,8
8,18,SS,With_Deviant,5,1,4,8,2,6,5,1,4,8,0,1
8,27,SS,With_Deviant,6,2,5,7,3,1,6,2,5,7,3,1
8,35,SS,With_Deviant,8,5,2,6,4,7,8,5,4,6,4,7
8,41,SS,With_Deviant,5,7,4,2,6,8,5,7,4,2,6,1
9,1,CS,No_Deviant,7,4,8,1,5,3,7,4,8,1,5,3
9,2,CS,No_Deviant,3,1,7,4,2,5,3,1,7,4,2,5
9,3,CS,No_Deviant,5,7,1,8,3,6,5,7,1,8,3,6
9,4,CS,No_Deviant,6,2,5,1,4,7,6,5,2,4,1,7
9,6,CS,No_Deviant,8,2,5,7,4,6,8,2,5,7,4,6
9,7,CS,No_Deviant,5,1,7,4,2,8,5,1,7,4,2,8
9,9,CS,No_Deviant,7,4,2,6,1,5,7,4,2,1,6,5
9,10,CS,No_Deviant,2,7,5,1,4,8,2,7,5,1,4,8
9,11,CS,No_Deviant,6,4,7,2,8,3,6,4,7,2,8,3
9,12,CS,No_Deviant,5,7,2,8,1,4,5,7,2,8,1,4
9,13,CS,No_Deviant,8,3,6,2,5,7,8,3,6,2,5,7
9,14,CS,No_Deviant,3,1,7,4,6,8,3,7,4,1,6,8
9,15,CS,No_Deviant,5,7,3,6,2,4,5,7,3,6,2,8
9,16,CS,No_Deviant,8,1,6,3,5,2,8,1,6,2,3,5
9,17,CS,No_Deviant,4,2,8,6,3,7,4,2,5,6,3,7
9,19,CS,No_Deviant,4,2,8,6,3,5,4,2,8,6,3,5
9,20,CS,No_Deviant,2,6,4,8,1,7,2,6,4,8,1,7
9,21,CS,No_Deviant,5,2,7,3,8,4,5,2,7,3,8,4
9,22,CS,No_Deviant,4,6,2,8,5,3,4,6,2,8,5,3
9,23,CS,No_Deviant,3,1,8,5,2,6,3,1,8,2,5,6
9,24,CS,No_Deviant,2,4,7,1,8,5,2,1,7,8,4,5
9,25,CS,No_Deviant,8,1,5,2,6,3,2,1,5,8,4,3
9,26,CS,No_Deviant,4,6,3,7,2,8,4,6,3,7,2,5
9,28,CS,No_Deviant,7,3,1,6,2,5,7,3,1,6,2,5
9,29,CS,No_Deviant,4,8,6,3,7,2,4,8,6,7,2,5
9,30,CS,No_Deviant,3,1,7,5,2,6,3,1,7,5,2,6
9,31,CS,No_Deviant,6,2,8,1,4,7,2,6,8,4,1,7
9,32,CS,No_Deviant,4,6,3,7,1,5,4,6,3,7,1,5
9,33,CS,No_Deviant,5,3,6,4,2,8,5,3,6,4,2,7
9,34,CS,No_Deviant,6,8,4,7,1,3,6,8,4,7,1,3
9,36,CS,No_Deviant,5,2,8,1,7,4,5,2,8,7,4,1
9,37,CS,No_Deviant,8,5,1,7,3,6,8,5,1,7,3,6
9,38,CS,No_Deviant,3,7,4,2,6,8,3,7,4,2,6,8
9,39,CS,No_Deviant,5,2,7,3,1,6,5,2,7,3,1,6
9,40,CS,No_Deviant,4,7,2,6,8,3,4,7,2,6,8,3
9,42,CS,No_Deviant,4,7,3,8,5,2,4,7,3,8,5,2
9,43,CS,No_Deviant,5,3,7,2,4,1,5,3,7,4,2,1
9,44,CS,No_Deviant,4,1,8,6,2,5,4,1,8,6,2,5
9,45,CS,No_Deviant,6,2,4,7,3,1,6,2,4,7,3,1
9,5,CS,With_Deviant,5,8,1,4,7,2,5,8,2,4,1,7
9,8,CS,With_Deviant,2,7,4,1,5,3,2,7,4,1,5,3
9,18,CS,With_Deviant,5,3,7,1,4,6,5,3,7,1,4,6
9,27,CS,With_Deviant,6,2,8,3,5,1,2,6,8,3,5,1
9,35,CS,With_Deviant,4,7,2,5,3,6,4,7,2,5,3,6
9,41,CS,With_Deviant,5,3,7,4,2,8,5,3,7,4,2,8
9,1,SS,No_Deviant,2,5,1,8,4,6,2,5,1,8,6,4
9,2,SS,No_Deviant,7,1,4,2,6,8,7,1,4,2,6,8
9,3,SS,No_Deviant,8,5,2,6,3,7,8,2,5,6,3,7
9,4,SS,No_Deviant,3,6,8,1,7,5,3,6,8,1,7,5
9,6,SS,No_Deviant,5,2,4,6,1,8,5,2,4,6,1,8
9,7,SS,No_Deviant,8,4,7,1,6,3,8,4,7,6,1,3
9,9,SS,No_Deviant,3,6,2,7,5,8,3,6,2,7,8,5
9,10,SS,No_Deviant,2,5,7,4,6,1,2,5,7,4,6,1
9,11,SS,No_Deviant,3,6,2,7,1,4,3,6,2,7,1,4
9,12,SS,No_Deviant,5,2,4,8,3,7,5,2,4,8,3,7
9,13,SS,No_Deviant,8,3,5,1,6,4,8,3,5,1,6,4
9,14,SS,No_Deviant,5,8,3,7,1,6,5,8,3,7,1,6
9,15,SS,No_Deviant,7,5,1,6,4,2,7,5,1,6,4,2
9,16,SS,No_Deviant,4,6,2,8,3,5,4,6,2,8,3,5
9,17,SS,No_Deviant,2,5,8,1,7,3,2,3,5,8,7,1
9,19,SS,No_Deviant,3,8,2,6,1,4,8,3,2,6,1,4
9,20,SS,No_Deviant,7,2,4,8,5,1,7,2,4,6,5,1
9,21,SS,No_Deviant,2,6,3,1,4,7,2,6,3,7,1,4
9,22,SS,No_Deviant,5,7,2,8,1,3,5,7,2,8,1,3
9,23,SS,No_Deviant,4,1,7,3,6,8,4,1,7,2,3,8
9,24,SS,No_Deviant,3,5,2,7,4,6,7,3,2,4,5,8
9,25,SS,No_Deviant,5,1,7,4,8,2,5,1,7,4,8,2
9,26,SS,No_Deviant,3,6,1,8,2,5,5,3,1,8,2,4
9,28,SS,No_Deviant,2,6,8,5,7,3,2,6,8,5,7,3
9,29,SS,No_Deviant,3,7,5,1,8,4,3,7,5,8,1,4
9,30,SS,No_Deviant,5,8,4,6,1,3,5,8,4,6,1,3
9,31,SS,No_Deviant,8,4,7,3,5,2,8,4,7,5,3,2
9,32,SS,No_Deviant,3,6,8,5,1,7,8,3,6,5,1,7
9,33,SS,No_Deviant,2,8,5,7,4,6,2,8,5,7,4,6
9,34,SS,No_Deviant,6,4,7,2,8,5,6,4,7,2,8,5
9,36,SS,No_Deviant,4,2,8,3,6,1,4,2,8,6,3,1
9,37,SS,No_Deviant,8,5,2,4,7,3,8,5,2,4,7,3
9,38,SS,No_Deviant,6,1,8,3,5,2,6,1,8,5,3,2
9,39,SS,No_Deviant,5,8,2,7,4,1,5,8,2,7,4,1
9,40,SS,No_Deviant,6,2,8,3,7,4,6,2,8,3,7,4
9,42,SS,No_Deviant,4,6,2,5,7,1,4,6,2,5,7,1
9,43,SS,No_Deviant,2,8,4,7,1,6,2,8,4,7,1,6
9,44,SS,No_Deviant,5,3,1,6,8,4,5,3,1,6,8,4
9,45,SS,No_Deviant,6,1,7,4,2,8,6,1,7,4,2,8
9,5,SS,With_Deviant,2,7,5,3,8,1,2,7,5,3,8,1
9,8,SS,With_Deviant,4,1,6,8,3,5,8,4,6,5,7,1
9,18,SS,With_Deviant,5,1,4,8,2,6,7,1,5,8,4,2
9,27,SS,With_Deviant,6,2,5,7,3,1,6,2,5,7,3,1
9,35,SS,With_Deviant,8,5,2,6,4,7,8,4,2,6,5,7
9,41,SS,With_Deviant,5,7,4,2,6,8,5,7,4,2,3,8
10,1,CS,No_Deviant,7,4,8,1,5,3,8,7,0,0,5,3
10,2,CS,No_Deviant,3,1,7,4,2,5,3,1,7,4,0,0
10,3,CS,No_Deviant,5,7,1,8,3,6,5,7,1,0,0,8
10,4,CS,No_Deviant,6,2,5,1,4,7,6,2,5,1,0,8
10,6,CS,No_Deviant,8,2,5,7,4,6,8,7,5,2,4,6
10,7,CS,No_Deviant,5,1,7,4,2,8,5,7,8,1,0,4
10,9,CS,No_Deviant,7,4,2,6,1,5,7,4,1,2,0,0
10,10,CS,No_Deviant,2,7,5,1,4,8,7,5,2,1,4,0
10,11,CS,No_Deviant,6,4,7,2,8,3,0,0,0,7,8,3
10,12,CS,No_Deviant,5,7,2,8,1,4,5,8,7,2,1,3
10,13,CS,No_Deviant,8,3,6,2,5,7,8,6,3,2,0,7
10,14,CS,No_Deviant,3,1,7,4,6,8,3,1,7,6,0,8
10,15,CS,No_Deviant,5,7,3,6,2,4,5,7,6,3,0,8
10,16,CS,No_Deviant,8,1,6,3,5,2,8,5,7,2,1,3
10,17,CS,No_Deviant,4,2,8,6,3,7,4,2,8,7,0,0
10,19,CS,No_Deviant,4,2,8,6,3,5,4,2,8,7,5,1
10,20,CS,No_Deviant,2,6,4,8,1,7,2,6,4,8,3,1
10,21,CS,No_Deviant,5,2,7,3,8,4,5,2,7,3,8,4
10,22,CS,No_Deviant,4,6,2,8,5,3,4,6,8,2,5,3
10,23,CS,No_Deviant,3,1,8,5,2,6,8,3,1,5,0,0
10,24,CS,No_Deviant,2,4,7,1,8,5,2,4,8,1,4,5
10,25,CS,No_Deviant,8,1,5,2,6,3,8,1,5,2,3,4
10,26,CS,No_Deviant,4,6,3,7,2,8,4,6,3,0,0,8
10,28,CS,No_Deviant,7,3,1,6,2,5,7,6,5,1,4,3
10,29,CS,No_Deviant,4,8,6,3,7,2,0,8,6,2,5,3
10,30,CS,No_Deviant,3,1,7,5,2,6,3,1,7,5,2,4
10,31,CS,No_Deviant,6,2,8,1,4,7,6,8,4,2,5,7
10,32,CS,No_Deviant,4,6,3,7,1,5,4,6,3,7,1,2
10,33,CS,No_Deviant,5,3,6,4,2,8,5,3,6,4,1,7
10,34,CS,No_Deviant,6,8,4,7,1,3,6,8,4,7,0,2
10,36,CS,No_Deviant,5,2,8,1,7,4,5,2,8,1,7,4
10,37,CS,No_Deviant,8,5,1,7,3,6,0,0,4,5,3,6
10,38,CS,No_Deviant,3,7,4,2,6,8,4,7,2,5,8,3
10,39,CS,No_Deviant,5,2,7,3,1,6,5,7,2,0,0,8
10,40,CS,No_Deviant,4,7,2,6,8,3,0,7,2,8,5,3
10,42,CS,No_Deviant,4,7,3,8,5,2,4,7,3,8,0,5
10,43,CS,No_Deviant,5,3,7,2,4,1,5,3,7,2,4,8
10,44,CS,No_Deviant,4,1,8,6,2,5,4,8,1,0,0,5
10,45,CS,No_Deviant,6,2,4,7,3,1,6,2,4,7,0,3
10,5,CS,With_Deviant,5,8,1,4,7,2,5,8,1,4,0,2
10,8,CS,With_Deviant,2,7,4,1,5,3,2,7,1,4,0,3
10,18,CS,With_Deviant,5,3,7,1,4,6,5,3,7,1,8,0
10,27,CS,With_Deviant,6,2,8,3,5,1,6,2,8,0,0,0
10,35,CS,With_Deviant,4,7,2,5,3,6,4,5,7,2,0,3
10,41,CS,With_Deviant,5,3,7,4,2,8,5,3,7,2,4,8
10,1,SS,No_Deviant,2,5,1,8,4,6,5,7,2,4,6,8
10,2,SS,No_Deviant,7,1,4,2,6,8,7,1,4,2,6,8
10,3,SS,No_Deviant,8,5,2,6,3,7,8,5,7,2,3,4
10,4,SS,No_Deviant,3,6,8,1,7,5,3,6,8,1,0,5
10,6,SS,No_Deviant,5,2,4,6,1,8,5,2,4,6,1,3
10,7,SS,No_Deviant,8,4,7,1,6,3,8,4,1,7,2,5
10,9,SS,No_Deviant,3,6,2,7,5,8,5,3,8,1,4,7
10,10,SS,No_Deviant,2,5,7,4,6,1,2,7,5,1,3,4
10,11,SS,No_Deviant,3,6,2,7,1,4,3,6,2,7,4,5
10,12,SS,No_Deviant,5,2,4,8,3,7,5,2,4,8,3,7
10,13,SS,No_Deviant,8,3,5,1,6,4,8,3,5,2,4,1
10,14,SS,No_Deviant,5,8,3,7,1,6,5,8,3,7,1,2
10,15,SS,No_Deviant,7,5,1,6,4,2,7,5,1,4,2,3
10,16,SS,No_Deviant,4,6,2,8,3,5,4,6,2,8,0,3
10,17,SS,No_Deviant,2,5,8,1,7,3,2,5,8,1,0,7
10,19,SS,No_Deviant,3,8,2,6,1,4,3,8,2,5,4,1
10,20,SS,No_Deviant,7,2,4,8,5,1,7,4,2,8,3,1
10,21,SS,No_Deviant,2,6,3,1,4,7,2,6,3,1,4,8
10,22,SS,No_Deviant,5,7,2,8,1,3,5,7,1,8,4,3
10,23,SS,No_Deviant,4,1,7,3,6,8,4,1,7,3,5,8
10,24,SS,No_Deviant,3,5,2,7,4,6,3,5,2,8,4,6
10,25,SS,No_Deviant,5,1,7,4,8,2,5,1,8,3,4,7
10,26,SS,No_Deviant,3,6,1,8,2,5,3,6,8,1,7,4
10,28,SS,No_Deviant,2,6,8,5,7,3,2,6,8,5,7,3
10,29,SS,No_Deviant,3,7,5,1,8,4,3,7,5,8,3,4
10,30,SS,No_Deviant,5,8,4,6,1,3,5,8,4,6,3,1
10,31,SS,No_Deviant,8,4,7,3,5,2,8,4,7,3,2,1
10,32,SS,No_Deviant,3,6,8,5,1,7,3,6,8,5,1,2
10,33,SS,No_Deviant,2,8,5,7,4,6,2,8,5,6,4,1
10,34,SS,No_Deviant,6,4,7,2,8,5,6,4,7,2,8,1
10,36,SS,No_Deviant,4,2,8,3,6,1,4,2,8,5,3,1
10,37,SS,No_Deviant,8,5,2,4,7,3,8,5,2,1,4,7
10,38,SS,No_Deviant,6,1,8,3,5,2,5,9,1,3,2,4
10,39,SS,No_Deviant,5,8,2,7,4,1,5,8,2,1,7,4
10,40,SS,No_Deviant,6,2,8,3,7,4,5,7,8,6,4,2
10,42,SS,No_Deviant,4,6,2,5,7,1,5,8,3,1,7,4
10,43,SS,No_Deviant,2,8,4,7,1,6,2,8,4,7,4,3
10,44,SS,No_Deviant,5,3,1,6,8,4,5,3,1,8,6,4
10,45,SS,No_Deviant,6,1,7,4,2,8,5,3,8,7,4,1
10,5,SS,With_Deviant,2,7,5,3,8,1,2,7,5,8,3,4
10,8,SS,With_Deviant,4,1,6,8,3,5,4,1,6,8,3,5
10,18,SS,With_Deviant,5,1,4,8,2,6,5,1,3,4,8,7
10,27,SS,With_Deviant,6,2,5,7,3,1,6,2,5,7,4,3
10,35,SS,With_Deviant,8,5,2,6,4,7,5,7,2,1,4,6
10,41,SS,With_Deviant,5,7,4,2,6,8,5,7,4,2,8,3
11,1,CS,No_Deviant,7,4,8,1,5,3,0,0,0,0,5,3
11,2,CS,No_Deviant,3,1,7,4,2,5,0,0,0,4,5,3
11,3,CS,No_Deviant,5,7,1,8,3,6,0,0,0,0,3,6
11,4,CS,No_Deviant,6,2,5,1,4,7,0,0,5,1,7,4
11,6,CS,No_Deviant,8,2,5,7,4,6,8,2,5,0,0,0
11,7,CS,No_Deviant,5,1,7,4,2,8,5,1,7,4,0,0
11,9,CS,No_Deviant,7,4,2,6,1,5,7,4,2,6,0,0
11,10,CS,No_Deviant,2,7,5,1,4,8,2,7,5,1,4,8
11,11,CS,No_Deviant,6,4,7,2,8,3,6,4,7,1,8,3
11,12,CS,No_Deviant,5,7,2,8,1,4,5,7,2,8,4,3
11,13,CS,No_Deviant,8,3,6,2,5,7,8,3,6,0,5,7
11,14,CS,No_Deviant,3,1,7,4,6,8,3,7,5,7,8,2
11,15,CS,No_Deviant,5,7,3,6,2,4,0,0,3,2,4,6
11,16,CS,No_Deviant,8,1,6,3,5,2,8,3,6,2,5,1
11,17,CS,No_Deviant,4,2,8,6,3,7,6,3,8,2,3,8
11,19,CS,No_Deviant,4,2,8,6,3,5,4,6,8,6,0,0
11,20,CS,No_Deviant,2,6,4,8,1,7,2,6,4,5,1,8
11,21,CS,No_Deviant,5,2,7,3,8,4,5,1,7,2,8,3
11,22,CS,No_Deviant,4,6,2,8,5,3,4,6,2,8,5,3
11,23,CS,No_Deviant,3,1,8,5,2,6,3,4,0,0,2,8
11,24,CS,No_Deviant,2,4,7,1,8,5,2,4,7,1,5,3
11,25,CS,No_Deviant,8,1,5,2,6,3,8,1,7,3,5,2
11,26,CS,No_Deviant,4,6,3,7,2,8,6,3,4,7,5,2
11,28,CS,No_Deviant,7,3,1,6,2,5,7,1,0,0,5,2
11,29,CS,No_Deviant,4,8,6,3,7,2,0,0,0,0,7,2
11,30,CS,No_Deviant,3,1,7,5,2,6,0,0,0,5,2,6
11,31,CS,No_Deviant,6,2,8,1,4,7,0,0,0,1,4,7
11,32,CS,No_Deviant,4,6,3,7,1,5,4,6,3,7,1,7
11,33,CS,No_Deviant,5,3,6,4,2,8,0,0,3,6,4,2
11,34,CS,No_Deviant,6,8,4,7,1,3,0,0,0,7,1,3
11,36,CS,No_Deviant,5,2,8,1,7,4,5,2,8,4,7,0
11,37,CS,No_Deviant,8,5,1,7,3,6,8,0,1,7,0,0
11,38,CS,No_Deviant,3,7,4,2,6,8,0,0,2,6,8,0
11,39,CS,No_Deviant,5,2,7,3,1,6,0,0,0,0,1,6
11,40,CS,No_Deviant,4,7,2,6,8,3,0,0,2,6,8,3
11,42,CS,No_Deviant,4,7,3,8,5,2,0,0,4,7,5,3
11,43,CS,No_Deviant,5,3,7,2,4,1,5,3,7,2,6,4
11,44,CS,No_Deviant,4,1,8,6,2,5,0,0,0,0,6,5
11,45,CS,No_Deviant,6,2,4,7,3,1,0,0,0,0,3,1
11,5,CS,With_Deviant,5,8,1,4,7,2,0,0,0,1,7,2
11,8,CS,With_Deviant,2,7,4,1,5,3,0,0,7,1,5,8
11,18,CS,With_Deviant,5,3,7,1,4,6,0,0,7,1,4,6
11,27,CS,With_Deviant,6,2,8,3,5,1,0,0,0,6,5,1
11,35,CS,With_Deviant,4,7,2,5,3,6,0,0,2,5,3,6
11,41,CS,With_Deviant,5,3,7,4,2,8,0,0,7,4,2,8
11,1,SS,No_Deviant,2,5,1,8,4,6,2,5,1,6,8,9
11,2,SS,No_Deviant,7,1,4,2,6,8,7,1,4,2,0,0
11,3,SS,No_Deviant,8,5,2,6,3,7,8,5,2,1,6,0
11,4,SS,No_Deviant,3,6,8,1,7,5,3,6,1,2,0,0
11,6,SS,No_Deviant,5,2,4,6,1,8,5,4,2,8,1,6
11,7,SS,No_Deviant,8,4,7,1,6,3,8,5,0,0,0,0
11,9,SS,No_Deviant,3,6,2,7,5,8,6,5,2,0,0,0
11,10,SS,No_Deviant,2,5,7,4,6,1,0,0,0,0,6,1
11,11,SS,No_Deviant,3,6,2,7,1,4,3,7,6,0,4,2
11,12,SS,No_Deviant,5,2,4,8,3,7,5,2,4,8,6,0
11,13,SS,No_Deviant,8,3,5,1,6,4,8,5,1,2,6,4
11,14,SS,No_Deviant,5,8,3,7,1,6,6,0,0,0,0,6
11,15,SS,No_Deviant,7,5,1,6,4,2,6,6,6,5,4,2
11,16,SS,No_Deviant,4,6,2,8,3,5,6,4,2,1,8,5
11,17,SS,No_Deviant,2,5,8,1,7,3,1,2,0,0,3,7
11,19,SS,No_Deviant,3,8,2,6,1,4,2,5,8,0,6,4
11,20,SS,No_Deviant,7,2,4,8,5,1,0,0,0,1,8,0
11,21,SS,No_Deviant,2,6,3,1,4,7,6,3,1,2,4,5
11,22,SS,No_Deviant,5,7,2,8,1,3,5,7,1,8,3,2
11,23,SS,No_Deviant,4,1,7,3,6,8,5,7,1,8,6,3
11,24,SS,No_Deviant,3,5,2,7,4,6,3,7,5,8,0,4
11,25,SS,No_Deviant,5,1,7,4,8,2,8,4,1,2,0,0
11,26,SS,No_Deviant,3,6,1,8,2,5,3,6,7,1,8,4
11,28,SS,No_Deviant,2,6,8,5,7,3,3,5,1,2,0,0
11,29,SS,No_Deviant,3,7,5,1,8,4,4,7,3,0,0,0
11,30,SS,No_Deviant,5,8,4,6,1,3,0,0,0,8,3,1
11,31,SS,No_Deviant,8,4,7,3,5,2,0,0,8,7,3,0
11,32,SS,No_Deviant,3,6,8,5,1,7,0,0,0,0,0,7
11,33,SS,No_Deviant,2,8,5,7,4,6,8,2,1,0,0,0
11,34,SS,No_Deviant,6,4,7,2,8,5,8,2,4,5,0,0
11,36,SS,No_Deviant,4,2,8,3,6,1,4,2,8,5,1,6
11,37,SS,No_Deviant,8,5,2,4,7,3,0,5,2,4,7,3
11,38,SS,No_Deviant,6,1,8,3,5,2,0,6,7,4,3,0
11,39,SS,No_Deviant,5,8,2,7,4,1,0,0,4,3,2,0
11,40,SS,No_Deviant,6,2,8,3,7,4,0,0,4,2,6,5
11,42,SS,No_Deviant,4,6,2,5,7,1,0,0,0,4,7,1
11,43,SS,No_Deviant,2,8,4,7,1,6,4,2,8,1,5,5
11,44,SS,No_Deviant,5,3,1,6,8,4,5,3,1,6,0,0
11,45,SS,No_Deviant,6,1,7,4,2,8,6,1,7,0,0,0
11,5,SS,With_Deviant,2,7,5,3,8,1,2,0,0,3,8,1
11,8,SS,With_Deviant,4,1,6,8,3,5,8,5,1,2,4,8
11,18,SS,With_Deviant,5,1,4,8,2,6,6,1,1,3,5,2
11,27,SS,With_Deviant,6,2,5,7,3,1,5,6,3,1,2,0
11,35,SS,With_Deviant,8,5,2,6,4,7,0,0,0,0,0,0
11,41,SS,With_Deviant,5,7,4,2,6,8,0,0,0,4,5,8
12,1,CS,No_Deviant,7,4,8,1,5,3,7,1,8,4,5,3
12,2,CS,No_Deviant,3,1,7,4,2,5,3,1,7,4,2,5
12,3,CS,No_Deviant,5,7,1,8,3,6,5,1,7,4,3,6
12,4,CS,No_Deviant,6,2,5,1,4,7,4,5,2,5,1,7
12,6,CS,No_Deviant,8,2,5,7,4,6,8,2,5,7,4,6
12,7,CS,No_Deviant,5,1,7,4,2,8,5,1,4,7,1,8
12,9,CS,No_Deviant,7,4,2,6,1,5,7,4,2,6,8,3
12,10,CS,No_Deviant,2,7,5,1,4,8,2,7,5,1,6,8
12,11,CS,No_Deviant,6,4,7,2,8,3,6,4,7,2,8,6
12,12,CS,No_Deviant,5,7,2,8,1,4,7,8,1,2,6,4
12,13,CS,No_Deviant,8,3,6,2,5,7,6,3,4,2,5,7
12,14,CS,No_Deviant,3,1,7,4,6,8,3,1,7,4,6,8
12,15,CS,No_Deviant,5,7,3,6,2,4,5,7,1,3,6,2
12,16,CS,No_Deviant,8,1,6,3,5,2,8,1,3,6,2,4
12,17,CS,No_Deviant,4,2,8,6,3,7,4,2,8,6,7,4
12,19,CS,No_Deviant,4,2,8,6,3,5,4,8,7,2,6,5
12,20,CS,No_Deviant,2,6,4,8,1,7,2,6,4,8,1,7
12,21,CS,No_Deviant,5,2,7,3,8,4,4,1,5,6,8,7
12,22,CS,No_Deviant,4,6,2,8,5,3,4,6,2,8,5,3
12,23,CS,No_Deviant,3,1,8,5,2,6,3,1,8,5,6,2
12,24,CS,No_Deviant,2,4,7,1,8,5,2,4,7,1,5,3
12,25,CS,No_Deviant,8,1,5,2,6,3,9,1,5,2,8,7
12,26,CS,No_Deviant,4,6,3,7,2,8,4,6,3,7,2,8
12,28,CS,No_Deviant,7,3,1,6,2,5,7,6,3,4,5,6
12,29,CS,No_Deviant,4,8,6,3,7,2,4,8,5,6,2,7
12,30,CS,No_Deviant,3,1,7,5,2,6,3,1,5,7,8,6
12,31,CS,No_Deviant,6,2,8,1,4,7,6,2,8,1,5,7
12,32,CS,No_Deviant,4,6,3,7,1,5,4,6,3,7,5,1
12,33,CS,No_Deviant,5,3,6,4,2,8,5,3,6,4,2,8
12,34,CS,No_Deviant,6,8,4,7,1,3,6,8,4,7,1,3
12,36,CS,No_Deviant,5,2,8,1,7,4,8,5,2,1,4,7
12,37,CS,No_Deviant,8,5,1,7,3,6,8,5,1,4,3,6
12,38,CS,No_Deviant,3,7,4,2,6,8,3,7,4,2,8,6
12,39,CS,No_Deviant,5,2,7,3,1,6,5,2,7,3,8,6
12,40,CS,No_Deviant,4,7,2,6,8,3,4,7,2,6,8,3
12,42,CS,No_Deviant,4,7,3,8,5,2,4,7,3,8,2,3
12,43,CS,No_Deviant,5,3,7,2,4,1,5,3,4,7,6,1
12,44,CS,No_Deviant,4,1,8,6,2,5,4,7,1,6,2,5
12,45,CS,No_Deviant,6,2,4,7,3,1,2,4,6,7,3,1
12,5,CS,With_Deviant,5,8,1,4,7,2,5,4,1,7,6,2
12,8,CS,With_Deviant,2,7,4,1,5,3,2,7,4,1,8,5
12,18,CS,With_Deviant,5,3,7,1,4,6,7,8,2,4,5,1
12,27,CS,With_Deviant,6,2,8,3,5,1,6,2,8,7,5,4
12,35,CS,With_Deviant,4,7,2,5,3,6,4,7,2,1,3,6
12,41,CS,With_Deviant,5,3,7,4,2,8,5,3,7,2,4,8
12,1,SS,No_Deviant,2,5,1,8,4,6,1,2,4,6,5,3
12,2,SS,No_Deviant,7,1,4,2,6,8,7,1,4,6,5,8
12,3,SS,No_Deviant,8,5,2,6,3,7,8,5,2,4,3,7
12,4,SS,No_Deviant,3,6,8,1,7,5,3,6,8,1,7,4
12,6,SS,No_Deviant,5,2,4,6,1,8,5,7,3,2,8,1
12,7,SS,No_Deviant,8,4,7,1,6,3,8,4,7,5,1,2
12,9,SS,No_Deviant,3,6,2,7,5,8,6,3,2,7,5,8
12,10,SS,No_Deviant,2,5,7,4,6,1,2,5,7,4,3,6
12,11,SS,No_Deviant,3,6,2,7,1,4,3,6,2,1,4,5
12,12,SS,No_Deviant,5,2,4,8,3,7,5,2,4,8,3,1
12,13,SS,No_Deviant,8,3,5,1,6,4,8,3,5,1,7,6
12,14,SS,No_Deviant,5,8,3,7,1,6,5,8,3,7,1,8
12,15,SS,No_Deviant,7,5,1,6,4,2,7,8,9,4,1,6
12,16,SS,No_Deviant,4,6,2,8,3,5,7,4,2,6,1,5
12,17,SS,No_Deviant,2,5,8,1,7,3,4,5,2,8,7,3
12,19,SS,No_Deviant,3,8,2,6,1,4,3,8,2,6,4,5
12,20,SS,No_Deviant,7,2,4,8,5,1,7,5,2,8,3,1
12,21,SS,No_Deviant,2,6,3,1,4,7,2,6,3,5,1,8
12,22,SS,No_Deviant,5,7,2,8,1,3,4,7,5,8,1,3
12,23,SS,No_Deviant,4,1,7,3,6,8,4,5,7,1,8,8
12,24,SS,No_Deviant,3,5,2,7,4,6,3,5,2,7,1,6
12,25,SS,No_Deviant,5,1,7,4,8,2,5,1,7,8,4,5
12,26,SS,No_Deviant,3,6,1,8,2,5,4,5,6,2,5,5
12,28,SS,No_Deviant,2,6,8,5,7,3,2,6,8,5,3,4
12,29,SS,No_Deviant,3,7,5,1,8,4,3,7,5,1,8,4
12,30,SS,No_Deviant,5,8,4,6,1,3,5,8,4,2,1,3
12,31,SS,No_Deviant,8,4,7,3,5,2,8,4,7,3,5,1
12,32,SS,No_Deviant,3,6,8,5,1,7,3,6,8,5,1,7
12,33,SS,No_Deviant,2,8,5,7,4,6,2,4,5,8,3,4
12,34,SS,No_Deviant,6,4,7,2,8,5,4,7,2,5,8,4
12,36,SS,No_Deviant,4,2,8,3,6,1,4,2,8,5,7,3
12,37,SS,No_Deviant,8,5,2,4,7,3,1,7,5,4,7,3
12,38,SS,No_Deviant,6,1,8,3,5,2,6,1,7,4,5,2
12,39,SS,No_Deviant,5,8,2,7,4,1,5,8,2,4,7,-9
12,40,SS,No_Deviant,6,2,8,3,7,4,6,2,7,8,3,5
12,42,SS,No_Deviant,4,6,2,5,7,1,4,6,2,5,7,1
12,43,SS,No_Deviant,2,8,4,7,1,6,2,8,4,7,1,6
12,44,SS,No_Deviant,5,3,1,6,8,4,5,3,1,6,4,6
12,45,SS,No_Deviant,6,1,7,4,2,8,6,1,4,5,8,7
12,5,SS,With_Deviant,2,7,5,3,8,1,2,4,1,6,8,3
12,8,SS,With_Deviant,4,1,6,8,3,5,4,1,6,2,3,5
12,18,SS,With_Deviant,5,1,4,8,2,6,5,1,4,6,2,8
12,27,SS,With_Deviant,6,2,5,7,3,1,4,7,8,6,2,5
12,35,SS,With_Deviant,8,5,2,6,4,7,8,5,2,1,6,7
12,41,SS,With_Deviant,5,7,4,2,6,8,5,7,4,2,8,5
13,1,CS,No_Deviant,7,4,8,1,5,3,7,4,8,1,0,0
13,2,CS,No_Deviant,3,1,7,4,2,5,3,1,7,4,0,2
13,3,CS,No_Deviant,5,7,1,8,3,6,5,7,1,8,3,6
13,4,CS,No_Deviant,6,2,5,1,4,7,6,1,5,8,0,0
13,6,CS,No_Deviant,8,2,5,7,4,6,8,2,5,7,4,0
13,7,CS,No_Deviant,5,1,7,4,2,8,5,1,0,0,0,0
13,9,CS,No_Deviant,7,4,2,6,1,5,7,4,2,0,1,6
13,10,CS,No_Deviant,2,7,5,1,4,8,2,7,5,1,4,8
13,11,CS,No_Deviant,6,4,7,2,8,3,6,3,7,2,8,3
13,12,CS,No_Deviant,5,7,2,8,1,4,5,7,2,8,1,7
13,13,CS,No_Deviant,8,3,6,2,5,7,8,3,5,2,0,0
13,14,CS,No_Deviant,3,1,7,4,6,8,3,1,7,4,6,8
13,15,CS,No_Deviant,5,7,3,6,2,4,5,7,3,6,2,7
13,16,CS,No_Deviant,8,1,6,3,5,2,8,1,6,3,5,2
13,17,CS,No_Deviant,4,2,8,6,3,7,4,2,8,6,0,0
13,19,CS,No_Deviant,4,2,8,6,3,5,4,2,8,6,5,0
13,20,CS,No_Deviant,2,6,4,8,1,7,4,6,2,0,0,0
13,21,CS,No_Deviant,5,2,7,3,8,4,5,1,7,3,8,4
13,22,CS,No_Deviant,4,6,2,8,5,3,4,6,0,0,5,3
13,23,CS,No_Deviant,3,1,8,5,2,6,3,1,8,5,0,0
13,24,CS,No_Deviant,2,4,7,1,8,5,2,4,7,1,8,5
13,25,CS,No_Deviant,8,1,5,2,6,3,8,1,5,2,6,3
13,26,CS,No_Deviant,4,6,3,7,2,8,4,6,3,7,0,0
13,28,CS,No_Deviant,7,3,1,6,2,5,7,3,1,6,2,5
13,29,CS,No_Deviant,4,8,6,3,7,2,4,8,6,3,7,2
13,30,CS,No_Deviant,3,1,7,5,2,6,3,1,7,6,2,6
13,31,CS,No_Deviant,6,2,8,1,4,7,6,2,8,1,4,0
13,32,CS,No_Deviant,4,6,3,7,1,5,4,6,0,0,1,3
13,33,CS,No_Deviant,5,3,6,4,2,8,5,6,3,4,2,8
13,34,CS,No_Deviant,6,8,4,7,1,3,6,8,4,7,1,3
13,36,CS,No_Deviant,5,2,8,1,7,4,5,2,8,1,7,4
13,37,CS,No_Deviant,8,5,1,7,3,6,8,5,1,7,3,6
13,38,CS,No_Deviant,3,7,4,2,6,8,3,7,2,6,0,8
13,39,CS,No_Deviant,5,2,7,3,1,6,5,2,7,3,1,6
13,40,CS,No_Deviant,4,7,2,6,8,3,7,7,2,6,0,8
13,42,CS,No_Deviant,4,7,3,8,5,2,4,7,3,8,5,2
13,43,CS,No_Deviant,5,3,7,2,4,1,5,3,7,1,4,2
13,44,CS,No_Deviant,4,1,8,6,2,5,4,1,8,6,2,5
13,45,CS,No_Deviant,6,2,4,7,3,1,6,0,0,0,4,1
13,5,CS,With_Deviant,5,8,1,4,7,2,5,8,1,4,7,2
13,8,CS,With_Deviant,2,7,4,1,5,3,2,7,5,1,4,3
13,18,CS,With_Deviant,5,3,7,1,4,6,5,3,7,1,4,6
13,27,CS,With_Deviant,6,2,8,3,5,1,6,1,8,3,4,5
13,35,CS,With_Deviant,4,7,2,5,3,6,4,8,3,5,0,0
13,41,CS,With_Deviant,5,3,7,4,2,8,5,3,7,4,2,8
13,1,SS,No_Deviant,2,5,1,8,4,6,2,5,1,8,4,3
13,2,SS,No_Deviant,7,1,4,2,6,8,7,1,4,2,6,8
13,3,SS,No_Deviant,8,5,2,6,3,7,8,5,2,3,4,7
13,4,SS,No_Deviant,3,6,8,1,7,5,3,6,0,0,0,7
13,6,SS,No_Deviant,5,2,4,6,1,8,5,2,4,8,1,6
13,7,SS,No_Deviant,8,4,7,1,6,3,8,4,7,1,6,3
13,9,SS,No_Deviant,3,6,2,7,5,8,5,6,2,7,0,0
13,10,SS,No_Deviant,2,5,7,4,6,1,2,5,7,4,0,1
13,11,SS,No_Deviant,3,6,2,7,1,4,3,6,2,7,1,4
13,12,SS,No_Deviant,5,2,4,8,3,7,5,2,4,8,3,7
13,13,SS,No_Deviant,8,3,5,1,6,4,8,3,5,1,6,4
13,14,SS,No_Deviant,5,8,3,7,1,6,0,0,0,0,1,6
13,15,SS,No_Deviant,7,5,1,6,4,2,7,5,1,6,0,0
13,16,SS,No_Deviant,4,6,2,8,3,5,4,6,2,8,0,5
13,17,SS,No_Deviant,2,5,8,1,7,3,2,5,8,1,7,5
13,19,SS,No_Deviant,3,8,2,6,1,4,4,8,2,5,1,6
13,20,SS,No_Deviant,7,2,4,8,5,1,7,2,4,8,5,1
13,21,SS,No_Deviant,2,6,3,1,4,7,2,6,4,8,3,1
13,22,SS,No_Deviant,5,7,2,8,1,3,5,8,2,0,1,3
13,23,SS,No_Deviant,4,1,7,3,6,8,4,1,7,3,8,0
13,24,SS,No_Deviant,3,5,2,7,4,6,3,5,2,7,4,6
13,25,SS,No_Deviant,5,1,7,4,8,2,5,1,7,4,8,1
13,26,SS,No_Deviant,3,6,1,8,2,5,3,6,1,8,0,5
13,28,SS,No_Deviant,2,6,8,5,7,3,2,6,5,0,7,0
13,29,SS,No_Deviant,3,7,5,1,8,4,3,7,5,1,8,4
13,30,SS,No_Deviant,5,8,4,6,1,3,5,8,4,6,1,3
13,31,SS,No_Deviant,8,4,7,3,5,2,8,4,7,3,5,2
13,32,SS,No_Deviant,3,6,8,5,1,7,3,6,8,5,1,7
13,33,SS,No_Deviant,2,8,5,7,4,6,2,6,5,7,0,8
13,34,SS,No_Deviant,6,4,7,2,8,5,0,0,7,2,6,0
13,36,SS,No_Deviant,4,2,8,3,6,1,4,0,0,0,8,0
13,37,SS,No_Deviant,8,5,2,4,7,3,8,4,0,0,7,0
13,38,SS,No_Deviant,6,1,8,3,5,2,6,1,8,3,5,0
13,39,SS,No_Deviant,5,8,2,7,4,1,5,8,2,7,4,1
13,40,SS,No_Deviant,6,2,8,3,7,4,6,8,8,2,4,0
13,42,SS,No_Deviant,4,6,2,5,7,1,4,8,2,5,1,7
13,43,SS,No_Deviant,2,8,4,7,1,6,2,8,1,7,1,6
13,44,SS,No_Deviant,5,3,1,6,8,4,5,3,1,6,0,0
13,45,SS,No_Deviant,6,1,7,4,2,8,6,1,7,4,0,0
13,5,SS,With_Deviant,2,7,5,3,8,1,2,7,5,3,0,0
13,8,SS,With_Deviant,4,1,6,8,3,5,4,1,0,0,6,5
13,18,SS,With_Deviant,5,1,4,8,2,6,5,1,4,8,2,0
13,27,SS,With_Deviant,6,2,5,7,3,1,6,8,5,7,3,1
13,35,SS,With_Deviant,8,5,2,6,4,7,8,5,2,6,4,7
13,41,SS,With_Deviant,5,7,4,2,6,8,5,7,4,2,6,0
14,1,CS,No_Deviant,7,4,8,1,5,3,5,0,7,3,0,2
14,2,CS,No_Deviant,3,1,7,4,2,5,3,2,1,0,0,5
14,3,CS,No_Deviant,5,7,1,8,3,6,3,2,5,0,0,6
14,4,CS,No_Deviant,6,2,5,1,4,7,6,2,5,0,0,7
14,6,CS,No_Deviant,8,2,5,7,4,6,8,2,5,0,0,3
14,7,CS,No_Deviant,5,1,7,4,2,8,5,1,7,0,0,8
14,9,CS,No_Deviant,7,4,2,6,1,5,1,6,4,2,0,3
14,10,CS,No_Deviant,2,7,5,1,4,8,0,0,0,1,4,8
14,11,CS,No_Deviant,6,4,7,2,8,3,6,4,7,2,0,0
14,12,CS,No_Deviant,5,7,2,8,1,4,6,4,0,0,0,0
14,13,CS,No_Deviant,8,3,6,2,5,7,8,6,3,2,0,0
14,14,CS,No_Deviant,3,1,7,4,6,8,3,1,7,0,0,0
14,15,CS,No_Deviant,5,7,3,6,2,4,0,0,0,6,2,4
14,16,CS,No_Deviant,8,1,6,3,5,2,8,1,6,4,0,0
14,17,CS,No_Deviant,4,2,8,6,3,7,4,2,8,0,0,7
14,19,CS,No_Deviant,4,2,8,6,3,5,2,4,8,6,0,0
14,20,CS,No_Deviant,2,6,4,8,1,7,2,4,6,8,0,0
14,21,CS,No_Deviant,5,2,7,3,8,4,5,3,4,7,0,0
14,22,CS,No_Deviant,4,6,2,8,5,3,2,5,6,0,0,0
14,23,CS,No_Deviant,3,1,8,5,2,6,2,3,0,0,0,6
14,24,CS,No_Deviant,2,4,7,1,8,5,2,4,7,5,3,1
14,25,CS,No_Deviant,8,1,5,2,6,3,5,1,3,8,0,0
14,26,CS,No_Deviant,4,6,3,7,2,8,0,0,0,7,6,4
14,28,CS,No_Deviant,7,3,1,6,2,5,7,3,1,4,0,0
14,29,CS,No_Deviant,4,8,6,3,7,2,8,0,0,0,7,2
14,30,CS,No_Deviant,3,1,7,5,2,6,3,1,7,4,5,0
14,31,CS,No_Deviant,6,2,8,1,4,7,6,8,4,0,7,2
14,32,CS,No_Deviant,4,6,3,7,1,5,0,0,0,0,0,0
14,33,CS,No_Deviant,5,3,6,4,2,8,0,0,6,4,8,2
14,34,CS,No_Deviant,6,8,4,7,1,3,6,5,0,0,1,3
14,36,CS,No_Deviant,5,2,8,1,7,4,5,2,8,1,0,0
14,37,CS,No_Deviant,8,5,1,7,3,6,8,1,7,0,0,0
14,38,CS,No_Deviant,3,7,4,2,6,8,3,7,4,1,0,0
14,39,CS,No_Deviant,5,2,7,3,1,6,5,7,2,4,0,0
14,40,CS,No_Deviant,4,7,2,6,8,3,4,2,7,6,0,0
14,42,CS,No_Deviant,4,7,3,8,5,2,4,3,7,8,0,0
14,43,CS,No_Deviant,5,3,7,2,4,1,3,4,2,0,0,0
14,44,CS,No_Deviant,4,1,8,6,2,5,0,0,0,6,2,5
14,45,CS,No_Deviant,6,2,4,7,3,1,6,2,4,7,0,0
14,5,CS,With_Deviant,5,8,1,4,7,2,0,0,0,0,7,2
14,8,CS,With_Deviant,2,7,4,1,5,3,0,0,0,0,3,5
14,18,CS,With_Deviant,5,3,7,1,4,6,7,5,3,7,0,0
14,27,CS,With_Deviant,6,2,8,3,5,1,3,6,8,4,0,0
14,35,CS,With_Deviant,4,7,2,5,3,6,0,0,0,5,3,6
14,41,CS,With_Deviant,5,3,7,4,2,8,5,3,7,0,0,0
14,1,SS,No_Deviant,2,5,1,8,4,6,0,0,0,8,4,6
14,2,SS,No_Deviant,7,1,4,2,6,8,7,1,5,0,2,0
14,3,SS,No_Deviant,8,5,2,6,3,7,8,5,2,6,0,0
14,4,SS,No_Deviant,3,6,8,1,7,5,0,0,0,7,2,-9
14,6,SS,No_Deviant,5,2,4,6,1,8,5,2,4,6,0,0
14,7,SS,No_Deviant,8,4,7,1,6,3,0,0,0,8,7,3
14,9,SS,No_Deviant,3,6,2,7,5,8,3,6,2,0,0,0
14,10,SS,No_Deviant,2,5,7,4,6,1,0,0,0,6,6,1
14,11,SS,No_Deviant,3,6,2,7,1,4,6,0,0,7,1,4
14,12,SS,No_Deviant,5,2,4,8,3,7,5,2,4,8,0,0
14,13,SS,No_Deviant,8,3,5,1,6,4,8,5,3,4,0,0
14,14,SS,No_Deviant,5,8,3,7,1,6,0,8,7,0,1,3
14,15,SS,No_Deviant,7,5,1,6,4,2,7,5,1,3,0,0
14,16,SS,No_Deviant,4,6,2,8,3,5,4,6,2,8,3,0
14,17,SS,No_Deviant,2,5,8,1,7,3,3,4,0,0,0,0
14,19,SS,No_Deviant,3,8,2,6,1,4,3,8,2,5,0,0
14,20,SS,No_Deviant,7,2,4,8,5,1,0,0,0,0,5,1
14,21,SS,No_Deviant,2,6,3,1,4,7,2,6,3,1,0,0
14,22,SS,No_Deviant,5,7,2,8,1,3,5,7,2,1,0,0
14,23,SS,No_Deviant,4,1,7,3,6,8,4,1,7,0,0,6
14,24,SS,No_Deviant,3,5,2,7,4,6,3,5,1,2,0,0
14,25,SS,No_Deviant,5,1,7,4,8,2,5,1,7,4,0,0
14,26,SS,No_Deviant,3,6,1,8,2,5,3,6,1,4,0,0
14,28,SS,No_Deviant,2,6,8,5,7,3,2,6,8,0,0,5
14,29,SS,No_Deviant,3,7,5,1,8,4,3,7,5,6,0,0
14,30,SS,No_Deviant,5,8,4,6,1,3,0,0,0,6,1,3
14,31,SS,No_Deviant,8,4,7,3,5,2,6,8,0,3,5,2
14,32,SS,No_Deviant,3,6,8,5,1,7,0,0,0,6,5,1
14,33,SS,No_Deviant,2,8,5,7,4,6,8,2,5,7,0,0
14,34,SS,No_Deviant,6,4,7,2,8,5,6,4,8,5,0,0
14,36,SS,No_Deviant,4,2,8,3,6,1,2,6,4,8,7,2
14,37,SS,No_Deviant,8,5,2,4,7,3,8,6,9,8,0,0
14,38,SS,No_Deviant,6,1,8,3,5,2,6,1,3,8,5,7
14,39,SS,No_Deviant,5,8,2,7,4,1,5,8,2,7,0,0
14,40,SS,No_Deviant,6,2,8,3,7,4,6,8,2,5,7,1
14,42,SS,No_Deviant,4,6,2,5,7,1,4,6,2,8,0,0
14,43,SS,No_Deviant,2,8,4,7,1,6,2,8,4,0,0,0
14,44,SS,No_Deviant,5,3,1,6,8,4,5,1,3,4,8,2
14,45,SS,No_Deviant,6,1,7,4,2,8,6,1,7,4,2,5
14,5,SS,With_Deviant,2,7,5,3,8,1,2,7,3,0,0,0
14,8,SS,With_Deviant,4,1,6,8,3,5,8,4,6,1,7,0
14,18,SS,With_Deviant,5,1,4,8,2,6,5,1,4,8,0,0
14,27,SS,With_Deviant,6,2,5,7,3,1,0,0,0,7,2,3
14,35,SS,With_Deviant,8,5,2,6,4,7,5,6,8,2,7,0
14,41,SS,With_Deviant,5,7,4,2,6,8,5,2,7,4,0,0
15,1,CS,No_Deviant,7,4,8,1,5,3,7,1,0,0,3,5
15,2,CS,No_Deviant,3,1,7,4,2,5,6,1,7,5,3,4
15,3,CS,No_Deviant,5,7,1,8,3,6,5,7,1,8,6,3
15,4,CS,No_Deviant,6,2,5,1,4,7,6,1,5,4,8,3
15,6,CS,No_Deviant,8,2,5,7,4,6,8,2,5,0,3,6
15,7,CS,No_Deviant,5,1,7,4,2,8,5,1,7,6,2,4
15,9,CS,No_Deviant,7,4,2,6,1,5,7,4,2,6,1,5
15,10,CS,No_Deviant,2,7,5,1,4,8,2,7,5,4,1,8
15,11,CS,No_Deviant,6,4,7,2,8,3,6,7,4,2,8,3
15,12,CS,No_Deviant,5,7,2,8,1,4,5,7,1,8,3,4
15,13,CS,No_Deviant,8,3,6,2,5,7,8,3,6,7,0,2
15,14,CS,No_Deviant,3,1,7,4,6,8,3,1,4,6,0,0
15,15,CS,No_Deviant,5,7,3,6,2,4,5,7,3,6,2,4
15,16,CS,No_Deviant,8,1,6,3,5,2,8,1,6,3,5,2
15,17,CS,No_Deviant,4,2,8,6,3,7,8,1,0,0,7,3
15,19,CS,No_Deviant,4,2,8,6,3,5,4,2,8,6,3,5
15,20,CS,No_Deviant,2,6,4,8,1,7,2,6,8,4,1,3
15,21,CS,No_Deviant,5,2,7,3,8,4,5,2,7,3,8,4
15,22,CS,No_Deviant,4,6,2,8,5,3,5,6,2,8,3,4
15,23,CS,No_Deviant,3,1,8,5,2,6,8,1,3,5,0,6
15,24,CS,No_Deviant,2,4,7,1,8,5,2,7,1,3,0,0
15,25,CS,No_Deviant,8,1,5,2,6,3,8,6,3,0,5,4
15,26,CS,No_Deviant,4,6,3,7,2,8,4,6,2,0,0,8
15,28,CS,No_Deviant,7,3,1,6,2,5,7,1,3,8,5,4
15,29,CS,No_Deviant,4,8,6,3,7,2,4,8,2,5,1,3
15,30,CS,No_Deviant,3,1,7,5,2,6,3,1,5,7,6,2
15,31,CS,No_Deviant,6,2,8,1,4,7,6,2,8,1,4,3
15,32,CS,No_Deviant,4,6,3,7,1,5,6,4,0,0,7,3
15,33,CS,No_Deviant,5,3,6,4,2,8,0,0,6,2,4,8
15,34,CS,No_Deviant,6,8,4,7,1,3,6,8,4,7,1,2
15,36,CS,No_Deviant,5,2,8,1,7,4,5,8,2,1,4,7
15,37,CS,No_Deviant,8,5,1,7,3,6,8,1,7,2,0,0
15,38,CS,No_Deviant,3,7,4,2,6,8,3,8,7,2,4,6
15,39,CS,No_Deviant,5,2,7,3,1,6,0,0,0,3,1,6
15,40,CS,No_Deviant,4,7,2,6,8,3,7,4,2,8,6,3
15,42,CS,No_Deviant,4,7,3,8,5,2,0,0,0,0,5,4
15,43,CS,No_Deviant,5,3,7,2,4,1,5,3,7,0,0,4
15,44,CS,No_Deviant,4,1,8,6,2,5,4,1,8,6,2,5
15,45,CS,No_Deviant,6,2,4,7,3,1,6,2,4,0,5,3
15,5,CS,With_Deviant,5,8,1,4,7,2,5,8,1,-9,-9,0
15,8,CS,With_Deviant,2,7,4,1,5,3,0,0,4,3,1,5
15,18,CS,With_Deviant,5,3,7,1,4,6,5,7,3,0,6,4
15,27,CS,With_Deviant,6,2,8,3,5,1,6,8,4,0,0,3
15,35,CS,With_Deviant,4,7,2,5,3,6,5,7,2,8,3,6
15,41,CS,With_Deviant,5,3,7,4,2,8,5,7,3,8,1,4
15,1,SS,No_Deviant,2,5,1,8,4,6,2,7,1,0,0,6
15,2,SS,No_Deviant,7,1,4,2,6,8,0,0,0,0,6,8
15,3,SS,No_Deviant,8,5,2,6,3,7,8,5,2,0,0,7
15,4,SS,No_Deviant,3,6,8,1,7,5,6,0,0,0,7,5
15,6,SS,No_Deviant,5,2,4,6,1,8,4,7,2,3,8,1
15,7,SS,No_Deviant,8,4,7,1,6,3,8,7,4,1,3,6
15,9,SS,No_Deviant,3,6,2,7,5,8,0,0,5,-9,3,3
15,10,SS,No_Deviant,2,5,7,4,6,1,7,5,4,8,6,3
15,11,SS,No_Deviant,3,6,2,7,1,4,6,3,2,7,1,4
15,12,SS,No_Deviant,5,2,4,8,3,7,5,2,4,1,6,3
15,13,SS,No_Deviant,8,3,5,1,6,4,5,2,6,8,1,4
15,14,SS,No_Deviant,5,8,3,7,1,6,8,1,4,0,6,3
15,15,SS,No_Deviant,7,5,1,6,4,2,8,4,1,0,0,3
15,16,SS,No_Deviant,4,6,2,8,3,5,4,6,2,8,7,5
15,17,SS,No_Deviant,2,5,8,1,7,3,3,7,5,1,4,0
15,19,SS,No_Deviant,3,8,2,6,1,4,8,6,1,4,0,0
15,20,SS,No_Deviant,7,2,4,8,5,1,7,2,4,0,0,0
15,21,SS,No_Deviant,2,6,3,1,4,7,0,3,1,4,7,0
15,22,SS,No_Deviant,5,7,2,8,1,3,5,7,2,8,1,3
15,23,SS,No_Deviant,4,1,7,3,6,8,4,1,3,0,6,8
15,24,SS,No_Deviant,3,5,2,7,4,6,6,5,2,0,7,4
15,25,SS,No_Deviant,5,1,7,4,8,2,5,7,1,2,4,6
15,26,SS,No_Deviant,3,6,1,8,2,5,3,6,1,0,0,7
15,28,SS,No_Deviant,2,6,8,5,7,3,8,6,2,5,7,3
15,29,SS,No_Deviant,3,7,5,1,8,4,7,3,5,1,8,4
15,30,SS,No_Deviant,5,8,4,6,1,3,5,8,4,6,1,3
15,31,SS,No_Deviant,8,4,7,3,5,2,6,4,1,5,3,2
15,32,SS,No_Deviant,3,6,8,5,1,7,3,7,1,0,8,4
15,33,SS,No_Deviant,2,8,5,7,4,6,2,8,5,4,0,4
15,34,SS,No_Deviant,6,4,7,2,8,5,6,7,4,0,8,5
15,36,SS,No_Deviant,4,2,8,3,6,1,8,4,6,5,2,7
15,37,SS,No_Deviant,8,5,2,4,7,3,8,5,2,4,7,3
15,38,SS,No_Deviant,6,1,8,3,5,2,6,1,8,7,3,5
15,39,SS,No_Deviant,5,8,2,7,4,1,5,8,4,7,1,3
15,40,SS,No_Deviant,6,2,8,3,7,4,5,2,8,0,7,4
15,42,SS,No_Deviant,4,6,2,5,7,1,6,2,8,5,0,4
15,43,SS,No_Deviant,2,8,4,7,1,6,4,8,0,0,6,2
15,44,SS,No_Deviant,5,3,1,6,8,4,5,3,1,6,8,4
15,45,SS,No_Deviant,6,1,7,4,2,8,6,1,5,2,0,0
15,5,SS,With_Deviant,2,7,5,3,8,1,2,7,5,8,3,1
15,8,SS,With_Deviant,4,1,6,8,3,5,4,1,6,8,3,5
15,18,SS,With_Deviant,5,1,4,8,2,6,5,1,0,8,6,2
15,27,SS,With_Deviant,6,2,5,7,3,1,6,2,4,0,3,3
15,35,SS,With_Deviant,8,5,2,6,4,7,8,5,2,0,7,4
15,41,SS,With_Deviant,5,7,4,2,6,8,5,7,4,8,6,2
16,1,CS,No_Deviant,7,4,8,1,5,3,7,4,8,5,1,3
16,2,CS,No_Deviant,3,1,7,4,2,5,3,1,7,4,5,2
16,3,CS,No_Deviant,5,7,1,8,3,6,5,7,3,1,8,6
16,4,CS,No_Deviant,6,2,5,1,4,7,6,2,5,1,4,0
16,6,CS,No_Deviant,8,2,5,7,4,6,8,2,5,6,4,0
16,7,CS,No_Deviant,5,1,7,4,2,8,5,7,1,4,2,6
16,9,CS,No_Deviant,7,4,2,6,1,5,7,4,2,6,5,3
16,10,CS,No_Deviant,2,7,5,1,4,8,2,7,5,0,0,8
16,11,CS,No_Deviant,6,4,7,2,8,3,6,4,7,2,8,3
16,12,CS,No_Deviant,5,7,2,8,1,4,5,7,2,8,1,4
16,13,CS,No_Deviant,8,3,6,2,5,7,8,3,6,7,2,5
16,14,CS,No_Deviant,3,1,7,4,6,8,3,1,7,4,0,8
16,15,CS,No_Deviant,5,7,3,6,2,4,5,7,3,6,4,2
16,16,CS,No_Deviant,8,1,6,3,5,2,8,1,6,3,5,2
16,17,CS,No_Deviant,4,2,8,6,3,7,4,8,6,3,7,2
16,19,CS,No_Deviant,4,2,8,6,3,5,4,2,8,6,3,1
16,20,CS,No_Deviant,2,6,4,8,1,7,2,6,4,8,1,7
16,21,CS,No_Deviant,5,2,7,3,8,4,5,2,3,7,0,4
16,22,CS,No_Deviant,4,6,2,8,5,3,4,6,2,8,5,3
16,23,CS,No_Deviant,3,1,8,5,2,6,3,1,2,8,6,5
16,24,CS,No_Deviant,2,4,7,1,8,5,2,4,7,0,8,5
16,25,CS,No_Deviant,8,1,5,2,6,3,8,1,5,6,2,0
16,26,CS,No_Deviant,4,6,3,7,2,8,4,6,3,7,2,8
16,28,CS,No_Deviant,7,3,1,6,2,5,7,3,1,6,2,5
16,29,CS,No_Deviant,4,8,6,3,7,2,4,8,6,3,7,2
16,30,CS,No_Deviant,3,1,7,5,2,6,3,1,7,5,2,6
16,31,CS,No_Deviant,6,2,8,1,4,7,6,2,8,7,5,1
16,32,CS,No_Deviant,4,6,3,7,1,5,7,6,3,7,5,1
16,33,CS,No_Deviant,5,3,6,4,2,8,5,3,6,4,2,8
16,34,CS,No_Deviant,6,8,4,7,1,3,6,8,4,7,3,1
16,36,CS,No_Deviant,5,2,8,1,7,4,5,2,8,7,4,1
16,37,CS,No_Deviant,8,5,1,7,3,6,8,5,1,7,3,6
16,38,CS,No_Deviant,3,7,4,2,6,8,3,7,4,5,2,6
16,39,CS,No_Deviant,5,2,7,3,1,6,5,2,7,3,1,6
16,40,CS,No_Deviant,4,7,2,6,8,3,7,7,2,6,1,3
16,42,CS,No_Deviant,4,7,3,8,5,2,4,7,3,8,5,2
16,43,CS,No_Deviant,5,3,7,2,4,1,5,3,7,2,4,1
16,44,CS,No_Deviant,4,1,8,6,2,5,4,1,8,6,2,3
16,45,CS,No_Deviant,6,2,4,7,3,1,6,2,4,7,3,1
16,5,CS,With_Deviant,5,8,1,4,7,2,5,8,1,7,4,6
16,8,CS,With_Deviant,2,7,4,1,5,3,4,7,1,5,3,0
16,18,CS,With_Deviant,5,3,7,1,4,6,5,3,7,1,4,2
16,27,CS,With_Deviant,6,2,8,3,5,1,6,0,0,0,1,3
16,35,CS,With_Deviant,4,7,2,5,3,6,4,7,2,5,3,6
16,41,CS,With_Deviant,5,3,7,4,2,8,5,3,7,0,2,8
16,1,SS,No_Deviant,2,5,1,8,4,6,2,5,1,4,6,3
16,2,SS,No_Deviant,7,1,4,2,6,8,7,1,4,0,0,8
16,3,SS,No_Deviant,8,5,2,6,3,7,8,5,2,6,3,0
16,4,SS,No_Deviant,3,6,8,1,7,5,3,6,8,1,5,2
16,6,SS,No_Deviant,5,2,4,6,1,8,5,2,4,6,8,1
16,7,SS,No_Deviant,8,4,7,1,6,3,8,4,7,6,1,3
16,9,SS,No_Deviant,3,6,2,7,5,8,3,6,2,7,5,0
16,10,SS,No_Deviant,2,5,7,4,6,1,2,5,7,4,6,3
16,11,SS,No_Deviant,3,6,2,7,1,4,3,6,2,7,5,1
16,12,SS,No_Deviant,5,2,4,8,3,7,5,2,4,7,8,1
16,13,SS,No_Deviant,8,3,5,1,6,4,8,3,5,6,4,1
16,14,SS,No_Deviant,5,8,3,7,1,6,5,8,3,7,1,6
16,15,SS,No_Deviant,7,5,1,6,4,2,7,5,1,6,4,2
16,16,SS,No_Deviant,4,6,2,8,3,5,4,6,2,0,3,5
16,17,SS,No_Deviant,2,5,8,1,7,3,2,5,8,7,1,3
16,19,SS,No_Deviant,3,8,2,6,1,4,3,8,2,6,1,4
16,20,SS,No_Deviant,7,2,4,8,5,1,7,2,4,8,5,1
16,21,SS,No_Deviant,2,6,3,1,4,7,2,6,3,0,4,0
16,22,SS,No_Deviant,5,7,2,8,1,3,5,7,2,8,1,3
16,23,SS,No_Deviant,4,1,7,3,6,8,4,1,7,3,6,8
16,24,SS,No_Deviant,3,5,2,7,4,6,3,5,7,4,6,2
16,25,SS,No_Deviant,5,1,7,4,8,2,5,1,7,8,4,2
16,26,SS,No_Deviant,3,6,1,8,2,5,3,6,1,8,5,2
16,28,SS,No_Deviant,2,6,8,5,7,3,2,6,8,7,5,3
16,29,SS,No_Deviant,3,7,5,1,8,4,3,7,5,0,0,8
16,30,SS,No_Deviant,5,8,4,6,1,3,5,8,4,6,1,3
16,31,SS,No_Deviant,8,4,7,3,5,2,8,4,7,6,3,2
16,32,SS,No_Deviant,3,6,8,5,1,7,3,6,8,5,1,2
16,33,SS,No_Deviant,2,8,5,7,4,6,2,8,5,7,4,6
16,34,SS,No_Deviant,6,4,7,2,8,5,6,4,7,2,8,5
16,36,SS,No_Deviant,4,2,8,3,6,1,4,8,2,6,3,1
16,37,SS,No_Deviant,8,5,2,4,7,3,8,5,2,4,7,3
16,38,SS,No_Deviant,6,1,8,3,5,2,6,1,8,3,5,2
16,39,SS,No_Deviant,5,8,2,7,4,1,5,8,2,7,4,1
16,40,SS,No_Deviant,6,2,8,3,7,4,6,2,8,3,7,4
16,42,SS,No_Deviant,4,6,2,5,7,1,4,6,2,5,7,3
16,43,SS,No_Deviant,2,8,4,7,1,6,2,8,4,7,1,6
16,44,SS,No_Deviant,5,3,1,6,8,4,5,3,1,8,4,6
16,45,SS,No_Deviant,6,1,7,4,2,8,8,1,6,4,2,7
16,5,SS,With_Deviant,2,7,5,3,8,1,2,7,5,3,8,1
16,8,SS,With_Deviant,4,1,6,8,3,5,4,6,1,8,0,0
16,18,SS,With_Deviant,5,1,4,8,2,6,5,1,4,8,2,6
16,27,SS,With_Deviant,6,2,5,7,3,1,6,2,5,7,3,1
16,35,SS,With_Deviant,8,5,2,6,4,7,8,5,2,6,4,7
16,41,SS,With_Deviant,5,7,4,2,6,8,5,7,4,2,6,8
17,1,CS,No_Deviant,7,4,8,1,5,3,4,4,8,1,2,5
17,2,CS,No_Deviant,3,1,7,4,2,5,3,1,7,4,2,5
17,3,CS,No_Deviant,5,7,1,8,3,6,5,7,1,8,3,6
17,4,CS,No_Deviant,6,2,5,1,4,7,6,2,5,1,4,7
17,6,CS,No_Deviant,8,2,5,7,4,6,8,5,2,7,4,6
17,7,CS,No_Deviant,5,1,7,4,2,8,5,1,7,8,4,6
17,9,CS,No_Deviant,7,4,2,6,1,5,7,4,2,6,1,5
17,10,CS,No_Deviant,2,7,5,1,4,8,2,7,5,1,4,8
17,11,CS,No_Deviant,6,4,7,2,8,3,6,4,7,2,8,3
17,12,CS,No_Deviant,5,7,2,8,1,4,5,7,2,8,1,4
17,13,CS,No_Deviant,8,3,6,2,5,7,8,3,6,2,5,7
17,14,CS,No_Deviant,3,1,7,4,6,8,3,1,6,4,7,8
17,15,CS,No_Deviant,5,7,3,6,2,4,5,3,7,6,2,4
17,16,CS,No_Deviant,8,1,6,3,5,2,8,1,6,0,5,2
17,17,CS,No_Deviant,4,2,8,6,3,7,4,2,8,6,3,7
17,19,CS,No_Deviant,4,2,8,6,3,5,4,2,8,6,3,7
17,20,CS,No_Deviant,2,6,4,8,1,7,2,6,4,8,1,7
17,21,CS,No_Deviant,5,2,7,3,8,4,5,2,7,8,3,4
17,22,CS,No_Deviant,4,6,2,8,5,3,4,6,2,8,5,3
17,23,CS,No_Deviant,3,1,8,5,2,6,3,1,8,6,2,5
17,24,CS,No_Deviant,2,4,7,1,8,5,2,4,7,1,8,5
17,25,CS,No_Deviant,8,1,5,2,6,3,8,1,5,2,6,3
17,26,CS,No_Deviant,4,6,3,7,2,8,4,6,3,7,2,8
17,28,CS,No_Deviant,7,3,1,6,2,5,6,3,8,7,2,1
17,29,CS,No_Deviant,4,8,6,3,7,2,4,8,6,7,3,2
17,30,CS,No_Deviant,3,1,7,5,2,6,3,1,7,5,2,6
17,31,CS,No_Deviant,6,2,8,1,4,7,6,2,8,4,1,7
17,32,CS,No_Deviant,4,6,3,7,1,5,4,6,3,7,1,5
17,33,CS,No_Deviant,5,3,6,4,2,8,5,3,6,4,2,8
17,34,CS,No_Deviant,6,8,4,7,1,3,6,8,4,7,1,3
17,36,CS,No_Deviant,5,2,8,1,7,4,5,2,8,1,7,4
17,37,CS,No_Deviant,8,5,1,7,3,6,8,5,1,7,3,6
17,38,CS,No_Deviant,3,7,4,2,6,8,3,7,4,2,6,8
17,39,CS,No_Deviant,5,2,7,3,1,6,5,2,7,3,1,6
17,40,CS,No_Deviant,4,7,2,6,8,3,4,7,2,6,8,3
17,42,CS,No_Deviant,4,7,3,8,5,2,4,7,3,8,5,2
17,43,CS,No_Deviant,5,3,7,2,4,1,5,7,3,2,4,7
17,44,CS,No_Deviant,4,1,8,6,2,5,4,1,8,6,2,7
17,45,CS,No_Deviant,6,2,4,7,3,1,6,2,4,7,3,1
17,5,CS,With_Deviant,5,8,1,4,7,2,5,8,1,6,4,2
17,8,CS,With_Deviant,2,7,4,1,5,3,2,7,4,1,5,8
17,18,CS,With_Deviant,5,3,7,1,4,6,5,3,7,1,4,6
17,27,CS,With_Deviant,6,2,8,3,5,1,6,2,8,3,5,1
17,35,CS,With_Deviant,4,7,2,5,3,6,4,7,3,6,5,2
17,41,CS,With_Deviant,5,3,7,4,2,8,5,3,7,0,0,2
17,1,SS,No_Deviant,2,5,1,8,4,6,2,5,1,8,4,6
17,2,SS,No_Deviant,7,1,4,2,6,8,7,1,4,2,6,8
17,3,SS,No_Deviant,8,5,2,6,3,7,8,5,2,6,3,8
17,4,SS,No_Deviant,3,6,8,1,7,5,3,6,8,1,5,7
17,6,SS,No_Deviant,5,2,4,6,1,8,5,2,4,6,1,8
17,7,SS,No_Deviant,8,4,7,1,6,3,8,4,6,1,7,3
17,9,SS,No_Deviant,3,6,2,7,5,8,3,6,2,7,5,8
17,10,SS,No_Deviant,2,5,7,4,6,1,2,5,7,4,6,1
17,11,SS,No_Deviant,3,6,2,7,1,4,3,6,2,7,1,4
17,12,SS,No_Deviant,5,2,4,8,3,7,5,2,4,7,3,8
17,13,SS,No_Deviant,8,3,5,1,6,4,8,3,5,6,1,4
17,14,SS,No_Deviant,5,8,3,7,1,6,5,8,4,7,3,6
17,15,SS,No_Deviant,7,5,1,6,4,2,5,1,4,7,2,6
17,16,SS,No_Deviant,4,6,2,8,3,5,4,6,2,8,5,3
17,17,SS,No_Deviant,2,5,8,1,7,3,2,5,8,1,7,3
17,19,SS,No_Deviant,3,8,2,6,1,4,3,8,2,6,1,4
17,20,SS,No_Deviant,7,2,4,8,5,1,7,2,4,8,5,1
17,21,SS,No_Deviant,2,6,3,1,4,7,2,6,3,1,4,7
17,22,SS,No_Deviant,5,7,2,8,1,3,5,7,2,8,1,3
17,23,SS,No_Deviant,4,1,7,3,6,8,4,1,7,0,6,8
17,24,SS,No_Deviant,3,5,2,7,4,6,3,5,2,7,4,6
17,25,SS,No_Deviant,5,1,7,4,8,2,5,1,7,4,8,2
17,26,SS,No_Deviant,3,6,1,8,2,5,3,6,1,8,5,2
17,28,SS,No_Deviant,2,6,8,5,7,3,2,6,8,5,7,3
17,29,SS,No_Deviant,3,7,5,1,8,4,3,7,5,1,6,8
17,30,SS,No_Deviant,5,8,4,6,1,3,5,8,4,6,1,3
17,31,SS,No_Deviant,8,4,7,3,5,2,8,4,7,3,5,2
17,32,SS,No_Deviant,3,6,8,5,1,7,3,6,8,1,5,7
17,33,SS,No_Deviant,2,8,5,7,4,6,2,8,5,7,4,6
17,34,SS,No_Deviant,6,4,7,2,8,5,6,4,7,2,8,5
17,36,SS,No_Deviant,4,2,8,3,6,1,4,2,8,6,1,3
17,37,SS,No_Deviant,8,5,2,4,7,3,8,5,2,4,7,3
17,38,SS,No_Deviant,6,1,8,3,5,2,6,1,8,0,5,2
17,39,SS,No_Deviant,5,8,2,7,4,1,5,8,2,7,4,1
17,40,SS,No_Deviant,6,2,8,3,7,4,6,2,8,3,7,4
17,42,SS,No_Deviant,4,6,2,5,7,1,4,6,2,5,7,1
17,43,SS,No_Deviant,2,8,4,7,1,6,2,8,4,7,5,1
17,44,SS,No_Deviant,5,3,1,6,8,4,5,3,1,6,4,2
17,45,SS,No_Deviant,6,1,7,4,2,8,6,1,7,4,2,8
17,5,SS,With_Deviant,2,7,5,3,8,1,7,5,2,0,0,0
17,8,SS,With_Deviant,4,1,6,8,3,5,4,6,1,0,0,0
17,18,SS,With_Deviant,5,1,4,8,2,6,5,1,4,6,2,8
17,27,SS,With_Deviant,6,2,5,7,3,1,6,2,5,3,7,0
17,35,SS,With_Deviant,8,5,2,6,4,7,8,5,2,6,4,7
17,41,SS,With_Deviant,5,7,4,2,6,8,5,7,4,2,6,8